doi	title	publisher	publicationYear
10.1594/pangaea.961653	Chemical analyses of Fe-Mn coatings separated from the margins of basaltic rocks from Transform Fault 'A' and from the the Rift Valley near 36°50'N in the Mid-Atlantic Ridge	PANGAEA	2023
10.1594/pangaea.954244	Physical oceanography and current velocity data from mooring AK4-1 in the Arctic Ocean in 2015-2018	PANGAEA	2023
10.1594/pangaea.954237	Physical oceanography and current velocity data from mooring AK3-1 in the Arctic Ocean in 2015-2018	PANGAEA	2023
10.1594/pangaea.954299	Physical oceanography and current velocity data from mooring AK6-1 in the Arctic Ocean in 2015-2018	PANGAEA	2023
10.1594/pangaea.951363	Physical oceanography and current velocity data from mooring AK1-1 in the Arctic Ocean in 2015-2018	PANGAEA	2023
10.1594/pangaea.954249	Physical oceanography and current velocity data from mooring AK5-1 in the Arctic Ocean in 2015-2018	PANGAEA	2023
10.1594/pangaea.951394	Physical oceanography and current velocity data from mooring AK2-1 in the Arctic Ocean in 2015-2018	PANGAEA	2023
10.1594/pangaea.961589	REVEALS reconstruction of past vegetation cover with original RPP values for Asian samples	PANGAEA	2023
10.1594/pangaea.954352	Physical oceanography and current velocity data from mooring AK7-1 in the Arctic Ocean in 2015-2018	PANGAEA	2023
10.1594/pangaea.961652	Chemical analyses of hydrothermal deposits and associated material from Transform fault 'A' on the Mid-Atlantic Ridge, FAMOUS area	PANGAEA	2023
10.1594/pangaea.954155	Abundance of N-cycling genes in an oxygen-deficient upwelling system during La Niña (2018) and El Niño (2019)	PANGAEA	2023
10.1594/pangaea.954151	Oceanographic variables and nutrient concentrations in an oxygen-deficient upwelling system during La Niña (2018) and El Niño (2019)	PANGAEA	2023
10.1594/pangaea.954089	Prokaryotic community (mayor clades contributing &gt;0.1% of the total 16S rRNA sequences) in an oxygen-deficient upwelling system during La Niña (2018) and El Niño (2019)	PANGAEA	2023
10.1594/pangaea.954152	Concentrations of total N, total P, and gases in an oxygen-deficient upwelling system during El Niño (2019)	PANGAEA	2023
10.26037/yareta:yqifa2kr3valpkbzzk7g6tvqlu	Switchable tribology of ferroelectrics Data sets	Université de Genève, Yareta	2023
10.26037/yareta:63nioqloajbkdg3eu3jkdbxh5y	Impact of the First Swiss Congress on Prehospital Emergency Care and Trauma Research (SPECTRe) on Paramedics' Intention to Engage in Reseach	Université de Genève, Yareta	2023
10.26037/yareta:jmnbt6lzkrfrpdcf3m3343smxq	Architecture of the MKK6-p38α complex defines the basis of MAPK specificity and activation	Université de Genève, Yareta	2023
10.26037/yareta:owokqjho7ffjjlq4i7i3h6wjyq	Two statistical regimes in the transition to filamentation	Université de Genève, Yareta	2023
10.25326/550	60m Tower - P2OA-CRA station - Turbulence measurements - L2A	Aeris	2023
10.25326/551	60m Tower - P2OA-CRA station - Meteorological variables  -  L2A	Aeris	2023
10.25326/552	RAPACE Sky Imager - P2OA-CRA station - L1A	Aeris	2023
10.25326/567	EKO Sky Imager - P2OA-PDM station - L1A	Aeris	2023
10.15468/hvzebg	Searching for the yellow-bellied sea snake	University of Adelaide Environment Institute	2023
10.15468/0allhx	Mystaya	Notomys Seeds	2023
10.15468/4matag	Biodiversity monitoring in Brunswick Valley Heritage Park Mullumbimby	Brunswick Valley Landcare	2023
10.15468/l5zoiy	Ecosystems of the sandstone region incl. sand-belt (SE of Melb.)	Ecosystems of the sandstone region incl. sand-belt (SE of Melb.)	2023
10.15468/jp5pv3	Working Wonders on Weeds - Community of Denmark W.A.	Working Wonders on Weeds  -  Community of Denmark W.A.	2023
10.15468/vrmvba	Plants Of The Green Line - Woolsthorpe Section	Kevin Sparrow	2023
10.15468/qohp97	Weed Population Genetics	Commonwealth Scientific and Industrial Research Organisation	2023
10.15468/wxcnu2	Robert Read Observations	Atlas of Living Australia	2023
10.15468/gcyxlb	Tracking Australia - arid wildlife track-based monitoring	Tracking Australia	2023
10.15468/3xhjwd	Wingecarribee Shire Council Macroinvertebrate Sampling	Atlas of Living Australia	2023
10.15468/scris1	Greendale Creek and Curl Curl Lagoon Bird Survey 2017 to 2019	Northern Beaches Council	2023
10.15468/zj23oo	Great Koala Count 2	Great Koala Count 2	2023
10.15468/cgiuqh	Koala Count	Koala Action Group	2023
10.15468/ymtyqe	Plants of Scotia Sanctuary	Atlas of Living Australia	2023
10.15468/jvt4yj	Tempe birdos	Tempe Birdos	2023
10.15468/swmlas	ERBG AVH data	Atlas of Living Australia	2023
10.15468/px2xfi	NSW South Coast &amp; ACT plants	Atlas of Living Australia	2023
10.15468/efbic6	WCPS Bird Survey Project	BioCollect	2023
10.15468/giro3a	Northern Territory Museum and Art Gallery provider for OZCAM	Museum and Art Gallery of the Northern Territory	2023
10.15468/d5o7bf	Flora Atlas N.T.	Northern Territory Department of Environment and Natural Resources	2023
10.15468/eeg0zb	Fauna Atlas N.T.	Northern Territory Government	2023
10.15468/jsjoae	Garden Bird Surveys	Canberra Ornithologists Group	2023
10.5255/ukda-sn-6614-19	Understanding Society: Waves 1-13, 2009-2022 and Harmonised BHPS: Waves 1-18, 1991-2009	UK Data Service	2023
10.5255/ukda-sn-6931-16	Understanding Society: Waves 1-13, 2009-2022 and Harmonised BHPS: Waves 1-18, 1991-2009: Special Licence Access	UK Data Service	2023
10.5255/ukda-sn-5050-26	English Longitudinal Study of Ageing: Waves 0-9, 1998-2019	UK Data Service	2023
10.5255/ukda-sn-9093-2	People and Nature Survey for England, 2020-2023	UK Data Service	2023
10.5255/ukda-sn-9000-3	COVID Social Mobility and Opportunities Study: Wave 1, 2021-2022	UK Data Service	2023
10.5255/ukda-sn-7745-6	Employer Skills Survey, 2011-2019: Secure Access	UK Data Service	2023
10.5255/ukda-sn-9026-2	European Working Conditions Telephone Survey, 2021	UK Data Service	2023
10.5255/ukda-sn-5050-25	English Longitudinal Study of Ageing: Waves 0-9, 1998-2019	UK Data Service	2023
10.5255/ukda-sn-6697-15	Business Structure Database, 1997-2022: Secure Access	UK Data Service	2023
10.5255/ukda-sn-6614-18	Understanding Society: Waves 1-13, 2009-2022 and Harmonised BHPS: Waves 1-18, 1991-2009	UK Data Service	2023
10.5255/ukda-sn-8666-6	Smart Energy Research Lab Observatory Data, 2019-2022: Secure Access	UK Data Service	2023
10.5255/ukda-sn-6699-8	UK Innovation Survey, 1994-2020: Secure Access	UK Data Service	2023
10.5255/ukda-sn-5050-24	English Longitudinal Study of Ageing: Waves 0-9, 1998-2019	UK Data Service	2023
10.5255/ukda-sn-6849-14	Understanding Society: Innovation Panel, Waves 1-13, 2008-2020	UK Data Service	2023
10.5255/ukda-sn-6533-19	National Diet and Nutrition Survey Years 1-11, 2008-2019	UK Data Service	2023
10.5255/ukda-sn-7481-2	Integrated Census Microdata (I-CeM), 1851-1911	UK Data Service	2023
10.5255/ukda-sn-8431-1	English Longitudinal Study of Ageing: Waves 1-8, 2002-2017: Quintile Index of Multiple Deprivation Score: Special Licence Access	UK Data Service	2023
10.5255/ukda-sn-8223-2	Active Lives Survey, 2015-2016	UK Data Service	2023
10.5255/ukda-sn-8391-1	Active Lives Survey, 2016-2017	UK Data Service	2023
10.5255/ukda-sn-5350-6	Millennium Cohort Study: Age 3, Sweep 2, 2004	UK Data Service	2023
10.5255/ukda-sn-7251-5	Understanding Society: Waves 2-3 Nurse Health Assessment, 2010-2012	UK Data Service	2023
10.5255/ukda-sn-7605-1	2011 Census Microdata Individual Safeguarded Sample (Regional): England and Wales	UK Data Service	2023
10.25934/pr00008831	A Phase III Randomised, Double-blind Trial to Evaluate Efficacy and Safety of Once Daily Empagliflozin 10 mg Compared to Placebo, in Patients With Chronic Heart Failure With Preserved Ejection Fraction (HFpEF)	Vivli	2023
10.25934/pr00008832	A Phase III Randomised, Double-blind Trial to Evaluate Efficacy and Safety of Once Daily Empagliflozin 10 mg Compared to Placebo, in Patients With Chronic Heart Failure With Reduced Ejection Fraction (HFrEF)	Vivli	2023
10.11582/2023.00011	"Data used in the case studies of manuscript ""simAIRR: simulation of adaptive immune repertoires with realistic receptor sequence sharing for benchmarking of immune state prediction methods"""	NIRD RDA	2023
10.11582/2023.00037	NorESM2-LM - ZECMIP B3 experiment	NIRD RDA	2023
10.11582/2023.00038	NorESM2-LM - ZECMIP B3 - extension1	NIRD RDA	2023
10.11582/2023.00039	NorESM2-LM - ZECMIP B3 - extension2	NIRD RDA	2023
10.11582/2023.00004	Selected NorESM1-ME data from EXPECT project	NIRD RDA	2023
10.11582/2023.00006	Analytical tools to measure cilia synchronization by Ringers et al	NIRD RDA	2023
10.11582/2023.00007	Granite experiments	NIRD RDA	2023
10.11582/2023.00020	Nusfjord Fault Rocks	NIRD RDA	2023
10.11582/2023.00028	MD simulations AURKB	NIRD RDA	2023
10.11582/2023.00065	Brute force metabarcoding of small Arctic copepods	NIRD RDA	2023
10.11582/2023.00066	Brute force metabarcoding of small Arctic copepods (pilot)	NIRD RDA	2023
10.11582/2023.00110	Deployment of a high dynamic range and autonomous ocean-light instrument (OptiCAL) in the Arctic Ocean from July to December 2019 and corresponding surface irradiance (EPAR), solar and lunar zenith angles modelled with the HEIMDALL radiative transfer model.	NIRD RDA	2023
10.11582/2023.00111	In-air time series for intercomparison of a 11 high dynamic range and autonomous ocean-light instruments (OptiCAL)	NIRD RDA	2023
10.11582/2023.00112	Calibration data for a high dynamic range and autonomous ocean-light instrument (OptiCAL)	NIRD RDA	2023
10.11582/2023.00031	Nansen Legacy Sediment Pigment Data Q2 - WARNING: incorrect numbers	NIRD RDA	2023
10.11582/2023.00030	Nansen Legacy Sediment Pigment Data Q1 - WARNING: incorrect numbers	NIRD RDA	2023
10.11582/2023.00033	Nansen Legacy Sediment Pigment Data Q4 - WARNING: incorrect numbers	NIRD RDA	2023
10.11582/2023.00032	Nansen Legacy Sediment Pigment Data Q3 - WARNING: incorrect numbers	NIRD RDA	2023
10.11582/2023.00129	Mesoscale eddies over sloping topography	NIRD RDA	2023
10.11582/2023.00128	Permafost data Norway Iceland	NIRD RDA	2023
10.11582/2023.00092	Downward vertical flux of particulate organic carbon (POC) and nitrogen (PON) in the northern Barents Sea during August 2018, Nansen Legacy cruise 2018707 J/C 1-2	NIRD RDA	2023
10.11582/2023.00036	Processing scripts for tomography data	NIRD RDA	2023
10.11582/2023.00029	AGCM experiments Atlantic Nino background	NIRD RDA	2023
10.17882/96981	CTD and ADCP hydrothermal plume data from the MomarSat 2023 cruise	SEANOE	2023
10.11582/2023.00133	Global CESM2 simulations historical and future projections for the EXHAUSTION EU project	NIRD RDA	2023
10.17612/85eb-gv32	Micro-CT imaging of capillary plate experiments on water-wet and mixed-wet heterogeneous sandstones	Digital Rocks Portal	2023
10.17612/phhx-4k68	Data for pore-scale imaging of brine-nitrogen co-injection in cm-scale Bentheimer sandstone sample	Digital Rocks Portal	2023
10.34914/olos:bivq3dcebff5dfrqtbf3v5y7si	Identification of heart rate dynamics during treadmill exercise: comparison of first‑ and second‑order models	OLOS.swiss, OLOS	2023
10.34914/olos:xtyv7akiu5bzdba3oemrarg4ru	Heart rate dynamics identification and control in cycle ergometer exercise: Comparison of first- and second-order performance	OLOS.swiss, OLOS	2023
10.15472/fdckvs	Colección de Referencia de Equinodermos del Museo de Ciencias de la Universidad El Bosque	Universidad El Bosque	2023
10.15472/66y7cn	Colección de Referencia de Poríferos del Museo de Ciencias de la Universidad El Bosque	Universidad El Bosque	2023
10.15472/o6uaec	Colección de Referencia de Annelida Marina del Museo de Ciencias de la Universidad El Bosque	Universidad El Bosque	2023
10.15472/mhcjwo	Colección de Referencia de Cnidarios del Museo de Ciencias de la Universidad El Bosque	Universidad El Bosque	2023
10.15472/lkbpro	Colección de Referencia de Moluscos del Museo de Ciencias de la Universidad El Bosque	Universidad El Bosque	2023
10.5255/ukda-sn-7363-9	European Working Conditions Survey Integrated Data File, 1991-2015	UK Data Service	2023
10.23637/rothamsted.98y37	Host map of Ash trees in Great Britain	Rothamsted Research	2023
10.15472/uofnlo	Crustáceos de la Colección de Referencia de Biología Marina de la Universidad del Valle (CERBMcr-UV)	Universidad del Valle	2023
10.15472/lywq4k	Equinodermos de la Colección de Referencia de Biología Marina de la Universidad del Valle (CRBMeq-UV)	Universidad del Valle	2023
10.15472/otu4ix	Corales de la Colección de Referencia de Biología Marina de la Universidad del Valle (CRBMco)	Universidad del Valle	2023
10.15472/hnrpqx	Moluscos de la Colección de Referencia de Biología Marina de la Universidad del Valle (CRM-UV)	Universidad del Valle	2023
10.15472/f2kcwu	Poliquetos de la Colección de Referencia de Biología Marina de la Universidad del Valle (CRBMUV)	Universidad del Valle	2023
10.34810/data704	Calibrated signals used for overlap retrievals	CORA.Repositori de Dades de Recerca	2023
10.15472/6i4jdy	Colección del laboratorio de Entomología Universidad de la Amazonia (LEUA) - Coleoptera	Universidad de la Amazonia	2023
10.1594/pangaea.963072	Inorganic nutrient concentrations in seawater during a multi-stressor ex-situ aquarium experiment with the cold-water coral Dendrophyllia cornigera	PANGAEA	2023
10.1594/pangaea.958465	Glycerol dialkyl glycerol tetraethers (GDGT) lipids and CARD-FISH data from suspended particulate matter from the central Baltic Sea	PANGAEA	2023
10.1594/pangaea.949134	Physical oceanography during POSEIDON cruise POS501 in Madeira basin in June 2016	PANGAEA	2023
10.5281/zenodo.7832188	بهبود تشخیص هرزپیامک در پیامک های فارسی با ارائه یک پایگاه داده جامع,اولین کنفرانس ملی آنالیز داده ها	Zenodo	2023
10.5255/ukda-sn-9062-1	Scottish Election Study, 2021	UK Data Service	2023
10.5285/beb62085-ba81-480c-9ed0-2d31c27ff196	Potential evapotranspiration derived from HadUK-Grid 1km gridded climate observations 1969-2022 (Hydro-PE HadUK-Grid)	NERC EDS Environmental Information Data Centre	2023
10.18710/cfbqsn	Questionnaire and interview data on passenger safety perception during autonomous ferry public trials	DataverseNO	2023
10.18710/etr83n	Replication Data for: Long-term herbivore removal experiments reveal how geese and reindeer shape vegetation and ecosystem CO2-fluxes in high-Arctic tundra	DataverseNO	2023
10.18710/tp4cms	"Replication Data for: ""Local seismicity and sediment deformation in the west Svalbard margin: Implications of neotectonics for seafloor seepage"""	DataverseNO	2023
10.18710/5kce4u	Background data (adapted from Jenset &amp; McGillivray 2017) for: Down-sampling from hierarchically structured corpus data	DataverseNO	2023
10.18710/hqdbyf	Fluorescence microscopy videos of mitochondria and endosomes in H9c2 cardiomyoblasts	DataverseNO	2023
10.18710/yjrjxt	Replication Data for: Effects of large carnivores, hunter harvest, and weather on the survival of calves in a partially migratory moose population	DataverseNO	2023
10.18710/yac3zp	"Replication Data for: ""Validation of the Norwegian version of the Parents’ Evaluation of Aural/ Oral Performance of Children (PEACH+) for children with typical hearing aged 12-72 months"""	DataverseNO	2023
10.18710/11lltw	Fluorescence microscopy videos of mitochondria in H9c2 cardiomyoblasts	DataverseNO	2023
10.18710/r0i0rw	Replication Data for: Experimental study of the mutual interactions between waves and tailored turbulence	DataverseNO	2023
10.26008/1912/bco-dmo.869081.1	Dissolved iron speciation results from 2019 Bermuda Atlantic Iron Time-series (BAIT) cruises EN631, AE1909, AE1921, AE1930 in the Western Subtropical North Atlantic Gyre from March to November 2019 (BAIT Project)	Biological and Chemical Oceanography Data Management Office (BCO-DMO)	2023
10.26008/1912/bco-dmo.891670.1	Landscape parameters of seagrass, fish and macroinvertebrate communities within Artificial Seagrass Units (ASU) in Back Sound, NC from July to September 2018	Biological and Chemical Oceanography Data Management Office (BCO-DMO)	2023
10.26008/1912/bco-dmo.891652.1	Landscape fine-scale complexity of seagrass, fish and macroinvertebrate communities within Artificial Seagrass Units (ASU) in Back Sound, NC from July to September 2018	Biological and Chemical Oceanography Data Management Office (BCO-DMO)	2023
10.26008/1912/bco-dmo.891686.1	Fish measurements sampled by Dual Frequency Identification Sonar (DIDSON) within Artificial Seagrass Units (ASU) in Back Sound, NC from July to September 2018	Biological and Chemical Oceanography Data Management Office (BCO-DMO)	2023
10.26008/1912/bco-dmo.891794.1	Squidpop consumption probability within Artificial Seagrass Units (ASU) in Back Sound, NC from October to November 2018	Biological and Chemical Oceanography Data Management Office (BCO-DMO)	2023
10.26008/1912/bco-dmo.891779.1	Fish densities sampled by Dual Frequency Identification Sonar (DIDSON) within Artificial Seagrass Units (ASU) in Back Sound, NC from June to October 2018	Biological and Chemical Oceanography Data Management Office (BCO-DMO)	2023
10.26008/1912/bco-dmo.891835.1	Settlement rates of fishes and crab megalopa within Artificial Seagrass Units (ASU) in Back Sound, NC from June to August 2018	Biological and Chemical Oceanography Data Management Office (BCO-DMO)	2023
10.26008/1912/bco-dmo.891859.1	Epibenthic faunal densities sampled from within Artificial Seagrass Units (ASU) in Back Sound, NC from June to October 2018	Biological and Chemical Oceanography Data Management Office (BCO-DMO)	2023
10.26008/1912/bco-dmo.893521.1	HPLC pigment concentrations from the Bermuda Atlantic Time-series Study (BATS) site from 1988-2022	Biological and Chemical Oceanography Data Management Office (BCO-DMO)	2023
10.26008/1912/bco-dmo.889930.1	Pigment concentrations derived from High-Performance Liquid Chromatography (HPLC) analysis from samples collected during the Tara Pacific expedition from 2016-2018	Biological and Chemical Oceanography Data Management Office (BCO-DMO)	2023
10.26008/1912/bco-dmo.879118.2	Dissection data for metazoan parasites and other symbionts from vent-endemic host species collected from the 9°50’N deep-sea hydrothermal vent field.	Biological and Chemical Oceanography Data Management Office (BCO-DMO)	2023
10.26008/1912/bco-dmo.888772.1	Particulate trace element concentrations measured during four cruises in 2019 at locations around the Bermuda Atlantic Time-series Study (BATS) station	Biological and Chemical Oceanography Data Management Office (BCO-DMO)	2023
10.26008/1912/bco-dmo.904895.1	Element quotas of individual phytoplankton cells from samples collected on the US GEOTRACES Arctic cruise GN01 (HLY1502) on USCGC Healy in August-October 2015	Biological and Chemical Oceanography Data Management Office (BCO-DMO)	2023
10.26008/1912/bco-dmo.663183.1	Particulate data collected on R/V Melville (MV1405, IrnBru) along the California coast in July 2014	Biological and Chemical Oceanography Data Management Office (BCO-DMO)	2023
10.26008/1912/bco-dmo.910948.1	Concentrations of particulate organic matter (POC, PON, POP, PCOD), total oxygen demand, POM ratios, and respiration ratios from samples collected on R/V Atlantic Explorer BATS validation study #58 in the Sargasso Sea in October 2021	Biological and Chemical Oceanography Data Management Office (BCO-DMO)	2023
10.26008/1912/bco-dmo.911221.1	Littorina obtusata shell length, shell thickness, and tissue mass measured during a field experiment conducted at 12 sites in the Gulf of Maine from April to August 2021	Biological and Chemical Oceanography Data Management Office (BCO-DMO)	2023
10.26008/1912/bco-dmo.911365.1	Green crab (Carcinus maenas) density at rocky intertidal sites determined at 8 sites in the Gulf of Maine from April 2019 to December 2021	Biological and Chemical Oceanography Data Management Office (BCO-DMO)	2023
10.26008/1912/bco-dmo.911409.1	Seawater temperatures at study sites in the Gulf of Maine prior to and during an outplant experiment that was conducted from April to August 2021	Biological and Chemical Oceanography Data Management Office (BCO-DMO)	2023
10.26008/1912/bco-dmo.911390.1	Seawater temperatures at high tide at study sites in the Gulf of Maine prior to, during, and after an outplant experiment that was conducted from April to August 2021	Biological and Chemical Oceanography Data Management Office (BCO-DMO)	2023
10.26008/1912/bco-dmo.913904.1	Noble gas concentrations from water samples collected in August and September 2016 during R/V Neil Armstrong cruise AR7-02 as part of the Overturning in the Subpolar North Atlantic Project (O-SNAP)	Biological and Chemical Oceanography Data Management Office (BCO-DMO)	2023
10.26008/1912/bco-dmo.911212.1	MPn-derived methane production by epiphytic bacteria on pelagic Sargassum seaweed from 2017-2019 (Cyanobacteria Hydrocarbons project)	Biological and Chemical Oceanography Data Management Office (BCO-DMO)	2023
10.18710/5tw8yf	Replication Data for: High resolution daily profiles of tissue adrenal steroids by portable automated collection	DataverseNO	2023
10.18710/q8oson	Replication data for DAS4Tracking - strain data for localization study	DataverseNO	2023
10.18710/vw1m5l	Replication data for : Metasurface supporting quasi-BIC for optical trapping and Raman-spectroscopy of biological nanoparticles	DataverseNO	2023
10.18710/tafusv	Correspondence Metadata from the Digital Scholarly Edition of Edvard Munch's Writings	DataverseNO	2023
10.18710/r7hm8j	The genitive alternation in 1960s and 1990s American English: Data from the Brown and Frown corpora	DataverseNO	2023
10.18710/rdpxql	Replication Data for: The flow in the induction and entrance regions of lab-scale wind farms	DataverseNO	2023
10.18710/fjwv6x	Replication Data for: Spatial variation in amount of carbon in boreal forest surface soil – the role of historical fires, hydro-topography, and contemporary vegetation	DataverseNO	2023
10.18710/aoqf05	Replication Data for: Dataset of motivational factors for using mobile health applications and systems	DataverseNO	2023
10.25934/pr00008699	Evaluation of baseline and on-treatment serum biomarkers to predict immunotherapy response in solid cancers	Vivli	2023
10.5281/zenodo.7915722	A Standardized Review of Bat Names Across Multiple Taxonomic Authorities	Zenodo	2023
10.6084/m9.figshare.20520567.v4	Manlick et al. 2023_Ecology	figshare	2023
10.17882/97666	Ieodo Ocean Research Station (Ieodo ORS): delayed mode dataset, annual release (2022)	SEANOE	2023
10.18758/71021082	Data and software to estimate the properties of the magnetospheric generator from ALIS observations of an auroral arc on 05/03/2008	Royal Belgian Institute for Space Aeronomy	2023
10.5255/ukda-sn-7835-1	2011 Census Microdata Individual Safeguarded Sample (Local Authority): Scotland	UK Data Service	2023
10.5255/ukda-sn-7834-1	2011 Census Microdata Individual Safeguarded Sample (Regional): Scotland	UK Data Service	2023
10.5255/ukda-sn-7682-1	2011 Census Microdata Individual Safeguarded Sample (Local Authority): England and Wales	UK Data Service	2023
10.5255/ukda-sn-7210-1	Census 1991: Individual Sample of Anonymised Records for Great Britain (SARs)	UK Data Service	2023
10.5255/ukda-sn-7207-1	Census 2001: Small Area Microdata (SAM)	UK Data Service	2023
10.15493/dea.mims.08152023	Long-term observations of daily bottom currents along the SAMBA transect at PIES Mooring P1 (October 2019 – October 2021)	Department of Forestry, Fisheries and the Environment	2023
10.6084/m9.figshare.19613914.v4	MCR-1-dependent lipid remodelling compromises the viability of Gram-negative bacteria	Taylor & Francis	2023
10.25934/pr00009407	Validation of new exercse models and therapy optimization	Vivli	2023
10.5061/dryad.pnvx0k6sk	Data from: Glucocorticoids negatively relate to body mass on the short-term in a free-ranging ungulate	Dryad	2023
10.5285/7f5b221e-d251-4bac-9252-16b4553dc345	Physico-chemical water properties and greenhouse gas measurements across a tidal cycle, Clyde estuary, Scotland, 2020-2022	NERC EDS Environmental Information Data Centre	2023
10.5285/f6b9b2b3-1ad0-4ac1-a19b-bb340427fbf1	Freshwater macroinvertebrate family abundances in spring and autumn, England, 2002-2019	NERC EDS Environmental Information Data Centre	2023
10.5285/419af5cd-8adc-4400-9a28-d8e1d48b0bd7	Soil water release curves and hydraulic conductivity measurements at four long-term grassland-to-woodland land use contrasts across England	NERC EDS Environmental Information Data Centre	2023
10.5285/d370cda8-7d3d-4b62-8d09-23711aa18ac2	Climate change exposure estimates for the UK at 1 km resolution, 1901-2080	NERC EDS Environmental Information Data Centre	2023
10.5285/d417b1b9-eaba-4b9d-ba2c-dfb53973b113	Aquatic carbon isotope composition in natural and restoration pools in blanket peatlands in Scotland and Northern Ireland, 2014-2015	NERC EDS Environmental Information Data Centre	2023
10.5285/ab13a06f-392f-4bc6-b1bf-06dd8b020307	Peat depths from the Pastaza-Marañón Basin, Amazonian Peru, 2019-2020	NERC EDS Environmental Information Data Centre	2023
10.5285/b06a08bc-39e5-4401-87dd-9568fd5048fd	Radiocarbon dating of charcoal pieces from soil in intact forest permanent plots in the Amazon Basin, 2015-2019	NERC EDS Environmental Information Data Centre	2023
10.5285/2dcc08e9-d8e6-4675-b78d-a318efc799d8	Temperature and humidity data supporting use of an in situ passive heating method, and associated whole tree responses, Cerrado, Brazil, 2020	NERC EDS Environmental Information Data Centre	2023
10.5285/75f2072e-f708-46d8-baff-0c6d02d81ede	Mortality data for a population of banded mongooses (Mungos mungo) in Mweya, Uganda, 2000-2011	NERC EDS Environmental Information Data Centre	2023
10.5285/9156d263-4def-406d-bdc9-22a6821fe755	Plant aboveground net primary productivity estimates (2021) and litter layer depth measurements (2018-2019) at five long-term grassland-to-woodland land use contrasts across England	NERC EDS Environmental Information Data Centre	2023
10.5285/5d0f211e-d391-4861-8f12-e04a65108ae7	Hydraulic properties of peat extracted from Rensjön palsa mire, Sweden, July 2022	NERC EDS Environmental Information Data Centre	2023
10.5285/65b23264-2991-4ce2-83e7-7729a3947d75	Biodiversity and environmental conditions along public walking routes in three UK towns (Bedford, Luton and Milton Keynes), 2014	NERC EDS Environmental Information Data Centre	2023
10.5285/c3527258-c9ab-40d9-af0c-ddedabbd67a1	Greenhouse gas and water chemistry measurements for the Clyde river, tributaries and estuary, 2021-2022	NERC EDS Environmental Information Data Centre	2023
10.5285/3d3b1d09-9e7a-4144-b8a1-b09a3c573466	 Plot-level forest structure, carbon density and tree species richness data from restoration sites in South and Southeast Asia	NERC EDS Environmental Information Data Centre	2023
10.5285/2636c7e1-ec8c-4b77-9f4e-f731781191ca	Earthworm species identification and counts at three long-term grassland-to-woodland land use contrasts across England	NERC EDS Environmental Information Data Centre	2023
10.5285/a22b495e-b2cd-43cd-95b7-8712b64dc0da	Physico-chemical water properties and greenhouse gas measurements along a longitudinal estuary transect, Clyde estuary, Scotland, 2020-2022	NERC EDS Environmental Information Data Centre	2023
10.5285/8a2451f8-7999-47c4-9e2a-8e9567377ffb	Soil physical, chemical, and biological properties (0-1 m) at five long-term grassland-to-woodland land use contrasts across England, 2018-2019	NERC EDS Environmental Information Data Centre	2023
10.25326/603	Trace gases, Zoétélé, Cameroon	Aeris	2023
10.25326/642	Trace gases, Mbita, Kenya	Aeris	2023
10.25326/275	Trace gases, Lamto, Côte d'Ivoire	Aeris	2023
10.25326/604	Trace gases, Katigoubou, Mali	Aeris	2023
10.25326/605	Trace gases, Djougou, Benin	Aeris	2023
10.25326/606	Trace gases, Dahra, Senegal	Aeris	2023
10.25326/607	Trace gases, Bomassa, Congo	Aeris	2023
10.25326/608	Trace gases, Banizoumbou, Niger	Aeris	2023
10.25326/609	Trace gases, Bambey, Senegal	Aeris	2023
10.25326/610	Trace gases, Agoufou, Mali	Aeris	2023
10.25326/585	PM10 Mineral Analysis, Banizoumbou, Niger	Aeris	2023
10.25326/592	PM10 EC/OC Analysis, Zoétélé, Cameroon	Aeris	2023
10.25349/d97p6w	Reinvasion of restored California vernal pools reveals the importance of long‐term restoration planning	Dryad	2023
10.11582/2023.00113	Rock mechanics data for 31/5-7 Eos well core	NIRD RDA	2023
10.25907/00782	Data from: Incomplete sterol biosynthesis pathways and highly duplicated haem peroxidases revealed in Rhodophyte algae using multi-omics resource	University of the Sunshine Coast	2023
10.25907/00790	Working with Adult-Child Survivors of Severe Parental Alienation Abuse: Survivors and Mental Health Practitioners' Perspectives: A Qualitative Study [Data Notes]	University of the Sunshine Coast	2023
10.5281/zenodo.7642885	"Unit cells and resummed interactions for the calculations in ""Systematic Analysis of Crystalline Phases in Bosonic Lattice Models with Algebraically Decaying Density-Density Interactions"""	Zenodo	2023
10.5281/zenodo.7642884	"Unit cells and resummed interactions for the calculations in ""Systematic Analysis of Crystalline Phases in Bosonic Lattice Models with Algebraically Decaying Density-Density Interactions"""	Zenodo	2023
10.34810/data596	Plasma metabolomics of the human aging	CORA.Repositori de Dades de Recerca	2023
10.34810/data897	"Replication package for ""Visual vs text communication to dispel a rent-control misconception"""	CORA.Repositori de Dades de Recerca	2023
10.34810/data706	Replication Data for Fig. 4-5 of: Assessment of trunk flexion in arm reaching tasks with electromyography and smartphone accelerometry in healthy human subjects	CORA.Repositori de Dades de Recerca	2023
10.5281/zenodo.10439228	Survey on policies for innovation in the Global South, 2022.	Zenodo	2023
10.1594/pangaea.963469	Global marine radiocarbon data compilation for the last deglaciation, spline dataset	PANGAEA	2023
10.1594/pangaea.962526	Global marine radiocarbon data compilation for the last deglaciation, global average estimates derived from spatial interpolations	PANGAEA	2023
10.1594/pangaea.962525	Global marine radiocarbon data compilation for the last deglaciation, zonal averages for each major ocean basin and each deglacial time-slice	PANGAEA	2023
10.1594/pangaea.962221	Dissolved methane concentration variability along freshwater-sea continuum at Cuxhaven, northern Germany, 2021	PANGAEA	2023
10.1594/pangaea.962224	Dissolved methane concentration variability along freshwater-sea continuum at Heligoland, Southern North Sea, 2021	PANGAEA	2023
10.1594/pangaea.962223	Dissolved methane concentration variability along freshwater-sea continuum at Geesthacht, northern Germany, 2021	PANGAEA	2023
10.1594/pangaea.960693	Global marine radiocarbon data compilation for the last deglaciation	PANGAEA	2023
10.1594/pangaea.954969	Dissolved inorganic carbon and total alkalinity of seawater samples during RV POLARSTERN expedition PS122 – MOSAiC	PANGAEA	2023
10.6084/m9.figshare.21135946.v3	Fuirst et al. RSPB Dataset 3	figshare	2023
10.24416/uu01-ym7a5h	HYPFLOWSCI6: HYdrological Projection of Future gLObal Water States with CMIP6	Utrecht University	2023
10.24416/uu01-41qfc6	Data from: Restoring organic matter, carbon and nutrient accumulation in degraded peatlands: 10 years Sphagnum paludiculture	Utrecht University	2023
10.24416/uu01-8k9d7f	History Database of the Global Environment 3.1	Utrecht University	2023
10.24416/uu01-cv85gb	History Database of the Global Environment 2.0	Utrecht University	2023
10.7910/dvn/jw7xgl	"Replication Material for ""Economic Hardship Increases Justification of Political Violence"""	Harvard Dataverse	2023
10.25326/581	PM10 Mineral Analysis, Lamto, Côte d'Ivoire	Aeris	2023
10.25326/582	PM2.5 Mineral Analysis, Zoétélé, Cameroon	Aeris	2023
10.25326/580	PM2.5 Mineral Analysis, Lamto, Côte d'Ivoire	Aeris	2023
10.25326/584	PM2.5 Mineral Analysis, Banizoumbou, Niger	Aeris	2023
10.5061/dryad.z8w9ghxk5	Molecular dynamics simulation data of ELIC in nanodiscs	Dryad	2023
10.14291/tccon.ggg2020.hefei01.r1	TCCON data from Hefei (PRC), Release GGG2020.R1	CaltechDATA	2023
10.14291/tccon.ggg2020.harwell01.r0	TCCON data from Harwell, Oxfordshire (UK), Release GGG2020.R0	CaltechDATA	2023
10.14291/tccon.ggg2020.wollongong01.r0	TCCON data from Wollongong (AU), Release GGG2020.R0	CaltechDATA	2023
10.14291/tccon.ggg2020.darwin01.r0	TCCON data from Darwin (AU), Release GGG2020.R0	CaltechDATA	2023
10.20383/103.0828	Data for root fragment amendments increase nematode density and mycobiome stochasticity in Douglas-fir seedlings	Federated Research Data Repository / dépôt fédéré de données de recherche	2023
10.16904/envidat.383	Ramerenwald Close Range Remote Sensing Benchmark	EnviDat	2023
10.16904/envidat.401	Climatological snow data since 1998, OSHD	EnviDat	2023
10.16904/envidat.403	Individual tree TLS point clouds for tree volume estimation	EnviDat	2023
10.57903/uj/nsrsle	A set of measurement data from the ELA11 magnetometer from January 15, 2022, Hylaty Station, Poland	Jagiellonian University in Kraków	2023
10.57903/uj/ds9gt4	Party-Related Primacy Effects in Proportional Representation Systems: Evidence from a Natural Experiment in Polish Local Elections - replication data	Jagiellonian University in Kraków	2023
10.57903/uj/35sxvz	ODH of propane_ Vanadium-Supported Catalysts	Jagiellonian University in Kraków	2023
10.57903/uj/gj3qyf	PD-L1 Inhibitors: Different Classes, Activities, and Mechanisms of Action - raw data	Jagiellonian University in Kraków	2023
10.7910/dvn/djgkdj	GridEX: A Dataset for Assessing the Area-wide Extreme Heat and Cold (EHE/ECE) Exposure in the United States: 2008-2022	Harvard Dataverse	2023
10.26093/cds/vizier.36760049	J1030+0524 field spectral catalog	Centre de Donnees Strasbourg (CDS)	2023
10.23637/rms-rothseasontotrainmeantemp1968-2022	Dataset: Mean Seasonal Air Temperature and Total Seasonal Rain at Rothamsted 1968-2022	Electronic Rothamsted Archive, Rothamsted Research	2023
10.23637/rrn2-flacrop4923-01	Dataset: Fosters Ley-arable Experiment cropping sequence 1949-2023	Electronic Rothamsted Archive, Rothamsted Research	2023
10.23637/rrn1-hlacrop4923-01	Dataset: Highfield Ley-arable Experiment cropping sequence 1949-2023	Electronic Rothamsted Archive, Rothamsted Research	2023
10.23637/rrn1-hlasoc4814-01	Dataset: Highfield Ley-arable experiment soil chemical properties 1948-2014	Electronic Rothamsted Archive, Rothamsted Research	2023
10.23637/rrn2-flasoc5014-01	Dataset: Fosters Ley-arable experiment soil chemical properties 1948-2014	Electronic Rothamsted Archive, Rothamsted Research	2023
10.23637/rbk1-yld6822-01	Dataset: Broadbalk Wheat annual grain and straw yields 1968-2022	Electronic Rothamsted Archive, Rothamsted Research	2023
10.23637/rbk1-yld2667-01	Dataset: Broadbalk Wheat annual grain and straw yields 1926-1967	Electronic Rothamsted Archive, Rothamsted Research	2023
10.23637/rbk1-meanyld5267	Dataset: Broadbalk Wheat 10-year mean yields 1852-1967	Electronic Rothamsted Archive, Rothamsted Research	2023
10.23637/rcs10-soil-01	Dataset: Rothamsted long-term liming experiment soil chemical properties 1962-1996	Electronic Rothamsted Archive, Rothamsted Research	2023
10.23637/rcs10-rltlcation-01	Dataset: Rothamsted long-term liming experiment exchangeable cations re-analysed	Electronic Rothamsted Archive, Rothamsted Research	2023
10.23637/wsc10-wltlcation-01	Dataset: Woburn long-term liming experiment exchangeable cations re-analysed	Electronic Rothamsted Archive, Rothamsted Research	2023
10.6075/j0sj1kt8	Southern Ocean Carbon and Climate Observations and Modeling (SOCCOM) and Global Ocean Biogeochemistry (GO-BGC) Biogeochemical-Argo Float Data Archive	UC San Diego Library Digital Collections	2023
10.15468/dl.yzjcv7	Occurrence Download	The Global Biodiversity Information Facility	2023
10.15468/dl.nmpxbj	Occurrence Download	The Global Biodiversity Information Facility	2023
10.15468/6gx3pq	Reports of New Zealand Flatworms in Scotland, 1989 - 2005	NatureScot	2023
10.15468/pt03xa	National Earthworm Recording Scheme Records (Channel Islands)	Earthworm Society of Britain	2023
10.15468/w4cjwm	USGS PWRC - Bird Phenology Program	United States Geological Survey	2023
10.16904/envidat.388	Nutrient addition experiment at the Alpine treeline site Stillberg, Switzerland	EnviDat	2023
10.26093/cds/vizier.19250114	Gravity modes in HH Puppis Blazhko star with PAIX	Centre de Donnees Strasbourg (CDS)	2023
10.25505/fiz.icsd.cc2jvnkm	CSD 2349321: Experimental Crystal Structure Determination	FIZ Karlsruhe - Leibniz Institute for Information Infrastructure	2023
10.25326/595	PM10 EC/OC Analysis, Banizoumbou, Niger	Aeris	2023
10.25326/591	PM Aerosol Mineral Analysis, Katibougou, Mali	Aeris	2023
10.25326/597	PM10 EC/OC Analysis, Bambey, Senegal	Aeris	2023
10.25326/587	PM10 Aerosol EC/OC, Mineral and Trace Metals Analysis, Djougou, Benin	Aeris	2023
10.15468/7rlf4q	New Zealand Flatworm (Arthurdendyus triangulatus) records for Scotland 2008-2014	NatureScot	2023
10.15468/yktev6	Waterbug Census	Healthy Waterways Waterwatch Program	2023
10.15468/qnwnfo	Données Vigie-Chiro protocole Point Fixe	UAR PatriNat (OFB-MNHN-CNRS-IRD), Paris	2023
10.15468/q5bvc3	CardObs : Observations naturalistes issues de l'outil CardObs-Jeu de données du projet Flore et Insectes du Littoral de l'Archipel des Saintes	UAR PatriNat (OFB-MNHN-CNRS-IRD), Paris	2023
10.15468/4d6k7m	Stoats in Orkney: records &amp; sightings reported to SNH, 2010 - 2015	NatureScot	2023
10.15468/kwivrh	Stoats in Orkney Facebook page records &amp; sightings, 2014 - 2015	NatureScot	2023
10.15468/pjowth	DASSH Data Archive Centre volunteer survey data	Marine Biological Association	2023
10.15468/gyvrzv	Great British Bee Count 2016 - Stage 2 (records verified from photo)	Friends of the Earth	2023
10.15468/c2c6st	Great British Bee Count 2015 - Stage 2 (records verified from photo)	Friends of the Earth	2023
10.15468/vss5gb	National Earthworm Recording Scheme Records (UK)	Earthworm Society of Britain	2023
10.15468/ldch7a	Programme BioObs: observations naturalistes en milieux aquatiques-Observations de BioObs.	UAR PatriNat (OFB-MNHN-CNRS-IRD), Paris	2023
10.15468/xwiw3h	DASSH Data Archive Centre volunteer sightings records	Marine Biological Association	2023
10.57760/sciencedb.j00186.00151	Data of Charge resolution in the isochronous mass spectrometry and the mass of 51Co	Science Data Bank	2023
10.6084/m9.figshare.23167853.v1	Additional file 1 of Dual titration of minute ventilation and sweep gas flow to control carbon dioxide variations in patients on venovenous extracorporeal membrane oxygenation	figshare	2023
10.17190/amf/2204058	AmeriFlux US-UTN UFLUX Nephi	Utah Geological Survey	2023
10.17190/amf/2001311	AmeriFlux US-UTB UFLUX Bonneville Salt Flats	Utah Geological Survey	2023
10.17190/amf/1987605	AmeriFlux US-UiD University of Illinois Restored Native Prairie	USDA/ARS	2023
10.17190/amf/1987604	AmeriFlux US-Sag Sag River	National Agriculture and Food Research Organization	2023
10.17190/amf/2001310	AmeriFlux US-RGF Stanislaus County Forage Farm	Arva Intelligence Corp.	2023
10.17190/amf/2229156	AmeriFlux US-LA3 Barataria Bay Saline Marsh	US Geological Survey	2023
10.17190/amf/2001309	AmeriFlux US-INp INFLUX - Agricultural Site West of Indianapolis (Site-14b) 	The Pennsylvania State University	2023
10.17190/amf/2001307	AmeriFlux US-INj INFLUX - Agricultural Site East of Indianapolis (Site-9b)	The Pennsylvania State University	2023
10.17190/amf/2001308	AmeriFlux US-INn INFLUX - Agricultural Site West of Indianapolis (Site-14a)	The Pennsylvania State University	2023
10.17190/amf/2001306	AmeriFlux US-INi INFLUX - Agricultural Site East of Indianapolis (Site-9a)	The Pennsylvania State University	2023
10.17190/amf/2001305	AmeriFlux US-INg INFLUX - Wayne Twp Comm (Site-7)	The Pennsylvania State University	2023
10.17190/amf/2001303	AmeriFlux US-INe INFLUX - Agricultural Site West near Pittsboro	The Pennsylvania State University	2023
10.17190/amf/2001302	AmeriFlux US-INd INFLUX - Agricultural Site East near Pittsboro	The Pennsylvania State University	2023
10.17190/amf/2001301	AmeriFlux US-INb INFLUX - Golf Course	The Pennsylvania State University	2023
10.17190/amf/1987603	AmeriFlux US-INc INFLUX - Downtown Indianapolis (Site-3)	The Pennsylvania State University	2023
10.17190/amf/2001300	AmeriFlux US-INa INFLUX - Cemetery Turfgrass Tower	The Pennsylvania State University	2023
10.17190/amf/1964087	AmeriFlux US-HVs Happy Valley Wet Sedge Tundra	National Agriculture and Food Research Organization	2023
10.17190/amf/2001299	AmeriFlux US-HB4 Minim Creek Brackish Impoundment	Clemson University	2023
10.17190/amf/2204057	AmeriFlux US-GL1 Stannard Rock	Environment and Climate Change Canada	2023
10.17190/amf/2229155	AmeriFlux US-EvM Everglades Saltwater intrusion marsh	Florida International University	2023
10.17190/amf/2204056	AmeriFlux US-EA5 Uvalde Ranch Mesquite Woodland	The University of Texas at Austin, Bureau of Economic Geology (UT-BEG)	2023
10.17190/amf/1964086	AmeriFlux US-Dmg Dutch Slough Marsh Gilbert Tract	University of California, Berkeley	2023
10.17190/amf/2001298	AmeriFlux US-CS8 Central Sands Irrigated Agricultural Field	University of Wisconsin-Madison	2023
10.17190/amf/2001297	AmeriFlux US-CS6 Central Sands Irrigated Agricultural Field	University of Wisconsin-Madison	2023
10.17190/amf/2204055	AmeriFlux US-CRK Davy Crockett National Forest	Texas A&M University	2023
10.17190/amf/1987602	AmeriFlux US-Cms Central Marsh	National Agriculture and Food Research Organization	2023
10.17190/amf/1987600	AmeriFlux US-CGG Concord Grazed Grassland	California State University, East Bay	2023
10.17190/amf/2229154	AmeriFlux US-BWb INFLUX - Montgomery County pasture site	The Pennsylvania State University	2023
10.17190/amf/2229153	AmeriFlux US-BWa INFLUX - NIST Turfgrass Site	The Pennsylvania State University	2023
10.17190/amf/1964085	AmeriFlux CA-DSM Delta Salt Marsh	The University of British Columbia	2023
10.17190/amf/1987599	AmeriFlux CA-BOU Bouleau Peatland	Université du Québec a Montréal	2023
10.18112/openneuro.ds004215.v1.0.2	The NIMH Healthy Research Volunteer Dataset	Openneuro	2023
10.34808/jp25-2b47	Underwater noise recorded in Hornsund Fjord, Spitsbergen, at the front of the Hans Glacier	Gdańsk University of Technology	2023
10.34808/f6rb-ep27	Tribological test for evaluation of CF30 Black PEEK	Gdańsk University of Technology	2023
10.34808/b2ee-m576	Tribological test for evaluation of Natural PEEK	Gdańsk University of Technology	2023
10.5281/zenodo.10083033	Carole Niffenegger, Sebastian Dirren,  Christian Schano, Fränzi Korner-Nievergelt (2023) Data from : Natural nest cavities in a high elevation habitat provide a more constant thermal environment than human-made nest cavities	Zenodo	2023
10.25505/fiz.icsd.cc2fk9nz	CSD 2250961: Experimental Crystal Structure Determination	FIZ Karlsruhe - Leibniz Institute for Information Infrastructure	2023
10.25505/fiz.icsd.cc2pjj81	CSD 2488533: Experimental Crystal Structure Determination	FIZ Karlsruhe - Leibniz Institute for Information Infrastructure	2023
10.25505/fiz.icsd.cc2ntrkt	CSD 2467617: Experimental Crystal Structure Determination	FIZ Karlsruhe - Leibniz Institute for Information Infrastructure	2023
10.25505/fiz.icsd.cc2ngsmk	CSD 2457079: Experimental Crystal Structure Determination	FIZ Karlsruhe - Leibniz Institute for Information Infrastructure	2023
10.25505/fiz.icsd.cc2ngslj	CSD 2457078: Experimental Crystal Structure Determination	FIZ Karlsruhe - Leibniz Institute for Information Infrastructure	2023
10.25505/fiz.icsd.cc2ngshf	CSD 2457075: Experimental Crystal Structure Determination	FIZ Karlsruhe - Leibniz Institute for Information Infrastructure	2023
10.25505/fiz.icsd.cc2ngsgd	CSD 2457074: Experimental Crystal Structure Determination	FIZ Karlsruhe - Leibniz Institute for Information Infrastructure	2023
10.25505/fiz.icsd.cc2n0180	CSD 2442901: Experimental Crystal Structure Determination	FIZ Karlsruhe - Leibniz Institute for Information Infrastructure	2023
10.25505/fiz.icsd.cc2mrmz0	CSD 2435793: Experimental Crystal Structure Determination	FIZ Karlsruhe - Leibniz Institute for Information Infrastructure	2023
10.25505/fiz.icsd.cc2mrmyz	CSD 2435792: Experimental Crystal Structure Determination	FIZ Karlsruhe - Leibniz Institute for Information Infrastructure	2023
10.25505/fiz.icsd.cc2mrmxy	CSD 2435791: Experimental Crystal Structure Determination	FIZ Karlsruhe - Leibniz Institute for Information Infrastructure	2023
10.25505/fiz.icsd.cc2m6ngz	CSD 2421382: Experimental Crystal Structure Determination	FIZ Karlsruhe - Leibniz Institute for Information Infrastructure	2023
10.25505/fiz.icsd.cc2m6nfy	CSD 2421381: Experimental Crystal Structure Determination	FIZ Karlsruhe - Leibniz Institute for Information Infrastructure	2023
10.25505/fiz.icsd.cc2jds4w	CSD 2335978: Experimental Crystal Structure Determination	FIZ Karlsruhe - Leibniz Institute for Information Infrastructure	2023
10.25505/fiz.icsd.cc2jds5x	CSD 2335979: Experimental Crystal Structure Determination	FIZ Karlsruhe - Leibniz Institute for Information Infrastructure	2023
10.25505/fiz.icsd.cc2fd578	CSD 2246019: Experimental Crystal Structure Determination	FIZ Karlsruhe - Leibniz Institute for Information Infrastructure	2023
10.25505/fiz.icsd.cc2l9kcv	CSD 2392467: Experimental Crystal Structure Determination	FIZ Karlsruhe - Leibniz Institute for Information Infrastructure	2023
10.25505/fiz.icsd.cc2kzsw7	CSD 2383090: Experimental Crystal Structure Determination	FIZ Karlsruhe - Leibniz Institute for Information Infrastructure	2023
10.25505/fiz.icsd.cc2kv2h0	CSD 2378552: Experimental Crystal Structure Determination	FIZ Karlsruhe - Leibniz Institute for Information Infrastructure	2023
10.25505/fiz.icsd.cc2kv2fy	CSD 2378550: Experimental Crystal Structure Determination	FIZ Karlsruhe - Leibniz Institute for Information Infrastructure	2023
10.25505/fiz.icsd.cc2kv2gz	CSD 2378551: Experimental Crystal Structure Determination	FIZ Karlsruhe - Leibniz Institute for Information Infrastructure	2023
10.25505/fiz.icsd.cc2kv2dx	CSD 2378549: Experimental Crystal Structure Determination	FIZ Karlsruhe - Leibniz Institute for Information Infrastructure	2023
10.25505/fiz.icsd.cc2kv2bv	CSD 2378547: Experimental Crystal Structure Determination	FIZ Karlsruhe - Leibniz Institute for Information Infrastructure	2023
10.25505/fiz.icsd.cc2kv2cw	CSD 2378548: Experimental Crystal Structure Determination	FIZ Karlsruhe - Leibniz Institute for Information Infrastructure	2023
10.25505/fiz.icsd.cc2k8y71	CSD 2362083: Experimental Crystal Structure Determination	FIZ Karlsruhe - Leibniz Institute for Information Infrastructure	2023
10.25505/fiz.icsd.cc2k8y60	CSD 2362082: Experimental Crystal Structure Determination	FIZ Karlsruhe - Leibniz Institute for Information Infrastructure	2023
10.25505/fiz.icsd.cc2k6z1t	CSD 2360186: Experimental Crystal Structure Determination	FIZ Karlsruhe - Leibniz Institute for Information Infrastructure	2023
10.25505/fiz.icsd.cc2k6z0s	CSD 2360185: Experimental Crystal Structure Determination	FIZ Karlsruhe - Leibniz Institute for Information Infrastructure	2023
10.25505/fiz.icsd.cc2jz47x	CSD 2352659: Experimental Crystal Structure Determination	FIZ Karlsruhe - Leibniz Institute for Information Infrastructure	2023
10.25505/fiz.icsd.cc2jncdz	CSD 2343271: Experimental Crystal Structure Determination	FIZ Karlsruhe - Leibniz Institute for Information Infrastructure	2023
10.25505/fiz.icsd.cc2j85tt	CSD 2331566: Experimental Crystal Structure Determination	FIZ Karlsruhe - Leibniz Institute for Information Infrastructure	2023
10.25505/fiz.icsd.cc2j85vv	CSD 2331567: Experimental Crystal Structure Determination	FIZ Karlsruhe - Leibniz Institute for Information Infrastructure	2023
10.25505/fiz.icsd.cc2jds0r	CSD 2335974: Experimental Crystal Structure Determination	FIZ Karlsruhe - Leibniz Institute for Information Infrastructure	2023
10.25505/fiz.icsd.cc2j85ww	CSD 2331568: Experimental Crystal Structure Determination	FIZ Karlsruhe - Leibniz Institute for Information Infrastructure	2023
10.25505/fiz.icsd.cc2j85ss	CSD 2331565: Experimental Crystal Structure Determination	FIZ Karlsruhe - Leibniz Institute for Information Infrastructure	2023
10.25505/fiz.icsd.cc2j9vd3	CSD 2333165: Experimental Crystal Structure Determination	FIZ Karlsruhe - Leibniz Institute for Information Infrastructure	2023
10.25505/fiz.icsd.cc2j9vc2	CSD 2333164: Experimental Crystal Structure Determination	FIZ Karlsruhe - Leibniz Institute for Information Infrastructure	2023
10.25505/fiz.icsd.cc2j53lf	CSD 2328614: Experimental Crystal Structure Determination	FIZ Karlsruhe - Leibniz Institute for Information Infrastructure	2023
10.25505/fiz.icsd.cc2j23j8	CSD 2325729: Experimental Crystal Structure Determination	FIZ Karlsruhe - Leibniz Institute for Information Infrastructure	2023
10.25505/fiz.icsd.cc2hpdd0	CSD 2314472: Experimental Crystal Structure Determination	FIZ Karlsruhe - Leibniz Institute for Information Infrastructure	2023
10.25505/fiz.icsd.cc2hkqjb	CSD 2310942: Experimental Crystal Structure Determination	FIZ Karlsruhe - Leibniz Institute for Information Infrastructure	2023
10.5517/ccdc.csd.cc2hh5sz	CSD 2308501: Experimental Crystal Structure Determination	FIZ Karlsruhe - Leibniz Institute for Information Infrastructure	2023
10.25505/fiz.icsd.cc2hglxh	CSD 2307947: Experimental Crystal Structure Determination	FIZ Karlsruhe - Leibniz Institute for Information Infrastructure	2023
10.25505/fiz.icsd.cc2hglwg	CSD 2307946: Experimental Crystal Structure Determination	FIZ Karlsruhe - Leibniz Institute for Information Infrastructure	2023
10.25505/fiz.icsd.cc2hghbt	CSD 2307836: Experimental Crystal Structure Determination	FIZ Karlsruhe - Leibniz Institute for Information Infrastructure	2023
10.25505/fiz.icsd.cc2hggl1	CSD 2307813: Experimental Crystal Structure Determination	FIZ Karlsruhe - Leibniz Institute for Information Infrastructure	2023
10.25505/fiz.icsd.cc2hggk0	CSD 2307812: Experimental Crystal Structure Determination	FIZ Karlsruhe - Leibniz Institute for Information Infrastructure	2023
10.25505/fiz.icsd.cc2hfd7l	CSD 2306779: Experimental Crystal Structure Determination	FIZ Karlsruhe - Leibniz Institute for Information Infrastructure	2023
10.25505/fiz.icsd.cc2hfd6k	CSD 2306778: Experimental Crystal Structure Determination	FIZ Karlsruhe - Leibniz Institute for Information Infrastructure	2023
10.5517/ccdc.csd.cc2gv50j	CSD 2289257: Experimental Crystal Structure Determination	FIZ Karlsruhe - Leibniz Institute for Information Infrastructure	2023
10.25505/fiz.icsd.cc2h7h19	CSD 2301100: Experimental Crystal Structure Determination	FIZ Karlsruhe - Leibniz Institute for Information Infrastructure	2023
10.25505/fiz.icsd.cc2h7hcm	CSD 2301110: Experimental Crystal Structure Determination	FIZ Karlsruhe - Leibniz Institute for Information Infrastructure	2023
10.25505/fiz.icsd.cc2f6z0n	CSD 2241021: Experimental Crystal Structure Determination	FIZ Karlsruhe - Leibniz Institute for Information Infrastructure	2023
10.5517/ccdc.csd.cc2h74rn	CSD 2300781: Experimental Crystal Structure Determination	FIZ Karlsruhe - Leibniz Institute for Information Infrastructure	2023
10.25505/fiz.icsd.cc2h4381	CSD 2297852: Experimental Crystal Structure Determination	FIZ Karlsruhe - Leibniz Institute for Information Infrastructure	2023
10.25505/fiz.icsd.cc2h4370	CSD 2297851: Experimental Crystal Structure Determination	FIZ Karlsruhe - Leibniz Institute for Information Infrastructure	2023
10.5517/ccdc.csd.cc2fhcq1	CSD 2249103: Experimental Crystal Structure Determination	FIZ Karlsruhe - Leibniz Institute for Information Infrastructure	2023
10.25505/fiz.icsd.cc2h30n9	CSD 2296810: Experimental Crystal Structure Determination	FIZ Karlsruhe - Leibniz Institute for Information Infrastructure	2023
10.25505/fiz.icsd.cc2h0xm2	CSD 2294794: Experimental Crystal Structure Determination	FIZ Karlsruhe - Leibniz Institute for Information Infrastructure	2023
10.25505/fiz.icsd.cc2h0tt5	CSD 2294707: Experimental Crystal Structure Determination	FIZ Karlsruhe - Leibniz Institute for Information Infrastructure	2023
10.25505/fiz.icsd.cc2h0vx9	CSD 2294741: Experimental Crystal Structure Determination	FIZ Karlsruhe - Leibniz Institute for Information Infrastructure	2023
10.5517/ccdc.csd.cc2h0860	CSD 2294161: Experimental Crystal Structure Determination	FIZ Karlsruhe - Leibniz Institute for Information Infrastructure	2023
10.25505/fiz.icsd.cc2h085z	CSD 2294160: Experimental Crystal Structure Determination	FIZ Karlsruhe - Leibniz Institute for Information Infrastructure	2023
10.5517/ccdc.csd.cc2h082w	CSD 2294157: Experimental Crystal Structure Determination	FIZ Karlsruhe - Leibniz Institute for Information Infrastructure	2023
10.25505/fiz.icsd.cc2h083x	CSD 2294158: Experimental Crystal Structure Determination	FIZ Karlsruhe - Leibniz Institute for Information Infrastructure	2023
10.5517/ccdc.csd.cc2h084y	CSD 2294159: Experimental Crystal Structure Determination	FIZ Karlsruhe - Leibniz Institute for Information Infrastructure	2023
10.25505/fiz.icsd.cc2h080t	CSD 2294155: Experimental Crystal Structure Determination	FIZ Karlsruhe - Leibniz Institute for Information Infrastructure	2023
10.25505/fiz.icsd.cc2h07xp	CSD 2294152: Experimental Crystal Structure Determination	FIZ Karlsruhe - Leibniz Institute for Information Infrastructure	2023
10.5517/ccdc.csd.cc2h07wn	CSD 2294151: Experimental Crystal Structure Determination	FIZ Karlsruhe - Leibniz Institute for Information Infrastructure	2023
10.25505/fiz.icsd.cc2h07tl	CSD 2294149: Experimental Crystal Structure Determination	FIZ Karlsruhe - Leibniz Institute for Information Infrastructure	2023
10.5517/ccdc.csd.cc2h07sk	CSD 2294148: Experimental Crystal Structure Determination	FIZ Karlsruhe - Leibniz Institute for Information Infrastructure	2023
10.25505/fiz.icsd.cc2gzw0c	CSD 2293783: Experimental Crystal Structure Determination	FIZ Karlsruhe - Leibniz Institute for Information Infrastructure	2023
10.25505/fiz.icsd.cc2d0s3b	CSD 2205281: Experimental Crystal Structure Determination	FIZ Karlsruhe - Leibniz Institute for Information Infrastructure	2023
10.25505/fiz.icsd.cc2d0s29	CSD 2205280: Experimental Crystal Structure Determination	FIZ Karlsruhe - Leibniz Institute for Information Infrastructure	2023
10.25505/fiz.icsd.cc2gz5c0	CSD 2293112: Experimental Crystal Structure Determination	FIZ Karlsruhe - Leibniz Institute for Information Infrastructure	2023
10.25505/fiz.icsd.cc2gyg63	CSD 2292425: Experimental Crystal Structure Determination	FIZ Karlsruhe - Leibniz Institute for Information Infrastructure	2023
10.5517/ccdc.csd.cc2gxv19	CSD 2291831: Experimental Crystal Structure Determination	FIZ Karlsruhe - Leibniz Institute for Information Infrastructure	2023
10.5517/ccdc.csd.cc2gxs9h	CSD 2291777: Experimental Crystal Structure Determination	FIZ Karlsruhe - Leibniz Institute for Information Infrastructure	2023
10.25505/fiz.icsd.cc2gxlss	CSD 2291606: Experimental Crystal Structure Determination	FIZ Karlsruhe - Leibniz Institute for Information Infrastructure	2023
10.25505/fiz.icsd.cc2gxdmf	CSD 2291415: Experimental Crystal Structure Determination	FIZ Karlsruhe - Leibniz Institute for Information Infrastructure	2023
10.25505/fiz.icsd.cc2gxdkc	CSD 2291413: Experimental Crystal Structure Determination	FIZ Karlsruhe - Leibniz Institute for Information Infrastructure	2023
10.25505/fiz.icsd.cc2gxdld	CSD 2291414: Experimental Crystal Structure Determination	FIZ Karlsruhe - Leibniz Institute for Information Infrastructure	2023
10.25505/fiz.icsd.cc2gpqxt	CSD 2285007: Experimental Crystal Structure Determination	FIZ Karlsruhe - Leibniz Institute for Information Infrastructure	2023
10.25505/fiz.icsd.cc2gx3k2	CSD 2291134: Experimental Crystal Structure Determination	FIZ Karlsruhe - Leibniz Institute for Information Infrastructure	2023
10.25505/fiz.icsd.cc2gx3j1	CSD 2291133: Experimental Crystal Structure Determination	FIZ Karlsruhe - Leibniz Institute for Information Infrastructure	2023
10.5517/ccdc.csd.cc2gwqmq	CSD 2290764: Experimental Crystal Structure Determination	FIZ Karlsruhe - Leibniz Institute for Information Infrastructure	2023
10.5517/ccdc.csd.cc2gwqnr	CSD 2290765: Experimental Crystal Structure Determination	FIZ Karlsruhe - Leibniz Institute for Information Infrastructure	2023
10.25505/fiz.icsd.cc2gw3q6	CSD 2290178: Experimental Crystal Structure Determination	FIZ Karlsruhe - Leibniz Institute for Information Infrastructure	2023
10.25505/fiz.icsd.cc2gw0x9	CSD 2290091: Experimental Crystal Structure Determination	FIZ Karlsruhe - Leibniz Institute for Information Infrastructure	2023
10.25505/fiz.icsd.cc2g3j48	CSD 2267499: Experimental Crystal Structure Determination	FIZ Karlsruhe - Leibniz Institute for Information Infrastructure	2023
10.5517/ccdc.csd.cc2gv7vf	CSD 2289345: Experimental Crystal Structure Determination	FIZ Karlsruhe - Leibniz Institute for Information Infrastructure	2023
10.25505/fiz.icsd.cc2gv0mz	CSD 2289121: Experimental Crystal Structure Determination	FIZ Karlsruhe - Leibniz Institute for Information Infrastructure	2023
10.25505/fiz.icsd.cc2gtld9	CSD 2288711: Experimental Crystal Structure Determination	FIZ Karlsruhe - Leibniz Institute for Information Infrastructure	2023
10.25505/fiz.icsd.cc2f85hd	CSD 2242183: Experimental Crystal Structure Determination	FIZ Karlsruhe - Leibniz Institute for Information Infrastructure	2023
10.25505/fiz.icsd.cc2f85gc	CSD 2242182: Experimental Crystal Structure Determination	FIZ Karlsruhe - Leibniz Institute for Information Infrastructure	2023
10.25505/fiz.icsd.cc2f85fb	CSD 2242181: Experimental Crystal Structure Determination	FIZ Karlsruhe - Leibniz Institute for Information Infrastructure	2023
10.25505/fiz.icsd.cc2f85d9	CSD 2242180: Experimental Crystal Structure Determination	FIZ Karlsruhe - Leibniz Institute for Information Infrastructure	2023
10.5517/ccdc.csd.cc2gszdn	CSD 2288122: Experimental Crystal Structure Determination	FIZ Karlsruhe - Leibniz Institute for Information Infrastructure	2023
10.25505/fiz.icsd.cc2gsvns	CSD 2288006: Experimental Crystal Structure Determination	FIZ Karlsruhe - Leibniz Institute for Information Infrastructure	2023
10.25505/fiz.icsd.cc2gsq99	CSD 2287871: Experimental Crystal Structure Determination	FIZ Karlsruhe - Leibniz Institute for Information Infrastructure	2023
10.25505/fiz.icsd.cc2gs9zk	CSD 2287489: Experimental Crystal Structure Determination	FIZ Karlsruhe - Leibniz Institute for Information Infrastructure	2023
10.25505/fiz.icsd.cc2gs07j	CSD 2287187: Experimental Crystal Structure Determination	FIZ Karlsruhe - Leibniz Institute for Information Infrastructure	2023
10.25505/fiz.icsd.cc2gs06h	CSD 2287186: Experimental Crystal Structure Determination	FIZ Karlsruhe - Leibniz Institute for Information Infrastructure	2023
10.25505/fiz.icsd.cc2grs23	CSD 2286965: Experimental Crystal Structure Determination	FIZ Karlsruhe - Leibniz Institute for Information Infrastructure	2023
10.5517/ccdc.csd.cc2gr12c	CSD 2286252: Experimental Crystal Structure Determination	FIZ Karlsruhe - Leibniz Institute for Information Infrastructure	2023
10.5517/ccdc.csd.cc2gr109	CSD 2286250: Experimental Crystal Structure Determination	FIZ Karlsruhe - Leibniz Institute for Information Infrastructure	2023
10.5517/ccdc.csd.cc2gr0dn	CSD 2286231: Experimental Crystal Structure Determination	FIZ Karlsruhe - Leibniz Institute for Information Infrastructure	2023
10.25505/fiz.icsd.cc2gqj80	CSD 2285762: Experimental Crystal Structure Determination	FIZ Karlsruhe - Leibniz Institute for Information Infrastructure	2023
10.25505/fiz.icsd.cc2gqj7z	CSD 2285761: Experimental Crystal Structure Determination	FIZ Karlsruhe - Leibniz Institute for Information Infrastructure	2023
10.25505/fiz.icsd.cc2gqj6y	CSD 2285760: Experimental Crystal Structure Determination	FIZ Karlsruhe - Leibniz Institute for Information Infrastructure	2023
10.25505/fiz.icsd.cc2f6z1p	CSD 2241022: Experimental Crystal Structure Determination	FIZ Karlsruhe - Leibniz Institute for Information Infrastructure	2023
10.25505/fiz.icsd.cc2g4f9c	CSD 2268372: Experimental Crystal Structure Determination	FIZ Karlsruhe - Leibniz Institute for Information Infrastructure	2023
10.25505/fiz.icsd.cc2gpssr	CSD 2285065: Experimental Crystal Structure Determination	FIZ Karlsruhe - Leibniz Institute for Information Infrastructure	2023
10.25505/fiz.icsd.cc2gpsqp	CSD 2285063: Experimental Crystal Structure Determination	FIZ Karlsruhe - Leibniz Institute for Information Infrastructure	2023
10.25505/fiz.icsd.cc2gpsrq	CSD 2285064: Experimental Crystal Structure Determination	FIZ Karlsruhe - Leibniz Institute for Information Infrastructure	2023
10.25505/fiz.icsd.cc2gpspn	CSD 2285062: Experimental Crystal Structure Determination	FIZ Karlsruhe - Leibniz Institute for Information Infrastructure	2023
10.25505/fiz.icsd.cc2gpsnm	CSD 2285061: Experimental Crystal Structure Determination	FIZ Karlsruhe - Leibniz Institute for Information Infrastructure	2023
10.25505/fiz.icsd.cc2gpsml	CSD 2285060: Experimental Crystal Structure Determination	FIZ Karlsruhe - Leibniz Institute for Information Infrastructure	2023
10.25505/fiz.icsd.cc2gppnj	CSD 2284968: Experimental Crystal Structure Determination	FIZ Karlsruhe - Leibniz Institute for Information Infrastructure	2023
10.25505/fiz.icsd.cc2gplf6	CSD 2284868: Experimental Crystal Structure Determination	FIZ Karlsruhe - Leibniz Institute for Information Infrastructure	2023
10.25505/fiz.icsd.cc2gplc4	CSD 2284866: Experimental Crystal Structure Determination	FIZ Karlsruhe - Leibniz Institute for Information Infrastructure	2023
10.25505/fiz.icsd.cc2gpl81	CSD 2284863: Experimental Crystal Structure Determination	FIZ Karlsruhe - Leibniz Institute for Information Infrastructure	2023
10.25505/fiz.icsd.cc2gpdyj	CSD 2284698: Experimental Crystal Structure Determination	FIZ Karlsruhe - Leibniz Institute for Information Infrastructure	2023
10.25505/fiz.icsd.cc2gn3r0	CSD 2283452: Experimental Crystal Structure Determination	FIZ Karlsruhe - Leibniz Institute for Information Infrastructure	2023
10.5517/ccdc.csd.cc2gmwww	CSD 2283239: Experimental Crystal Structure Determination	FIZ Karlsruhe - Leibniz Institute for Information Infrastructure	2023
10.5517/ccdc.csd.cc2gmwvv	CSD 2283238: Experimental Crystal Structure Determination	FIZ Karlsruhe - Leibniz Institute for Information Infrastructure	2023
10.5517/ccdc.csd.cc2gmwtt	CSD 2283237: Experimental Crystal Structure Determination	FIZ Karlsruhe - Leibniz Institute for Information Infrastructure	2023
10.5517/ccdc.csd.cc2gmwss	CSD 2283236: Experimental Crystal Structure Determination	FIZ Karlsruhe - Leibniz Institute for Information Infrastructure	2023
10.5517/ccdc.csd.cc2gmwrr	CSD 2283235: Experimental Crystal Structure Determination	FIZ Karlsruhe - Leibniz Institute for Information Infrastructure	2023
10.25505/fiz.icsd.cc2gmd1k	CSD 2282748: Experimental Crystal Structure Determination	FIZ Karlsruhe - Leibniz Institute for Information Infrastructure	2023
10.25505/fiz.icsd.cc2glm7y	CSD 2282010: Experimental Crystal Structure Determination	FIZ Karlsruhe - Leibniz Institute for Information Infrastructure	2023
10.25505/fiz.icsd.cc2gkfm3	CSD 2280875: Experimental Crystal Structure Determination	FIZ Karlsruhe - Leibniz Institute for Information Infrastructure	2023
10.25505/fiz.icsd.cc2gkfn4	CSD 2280876: Experimental Crystal Structure Determination	FIZ Karlsruhe - Leibniz Institute for Information Infrastructure	2023
10.25505/fiz.icsd.cc2c72rg	CSD 2181555: Experimental Crystal Structure Determination	FIZ Karlsruhe - Leibniz Institute for Information Infrastructure	2023
10.25505/fiz.icsd.cc2gkb5k	CSD 2280768: Experimental Crystal Structure Determination	FIZ Karlsruhe - Leibniz Institute for Information Infrastructure	2023
10.25505/fiz.icsd.cc2czvy5	CSD 2204408: Experimental Crystal Structure Determination	FIZ Karlsruhe - Leibniz Institute for Information Infrastructure	2023
10.25505/fiz.icsd.cc2gkb4j	CSD 2280767: Experimental Crystal Structure Determination	FIZ Karlsruhe - Leibniz Institute for Information Infrastructure	2023
10.25505/fiz.icsd.cc2c72qf	CSD 2181554: Experimental Crystal Structure Determination	FIZ Karlsruhe - Leibniz Institute for Information Infrastructure	2023
10.25505/fiz.icsd.cc2gjh7r	CSD 2279964: Experimental Crystal Structure Determination	FIZ Karlsruhe - Leibniz Institute for Information Infrastructure	2023
10.25505/fiz.icsd.cc2gjh6q	CSD 2279963: Experimental Crystal Structure Determination	FIZ Karlsruhe - Leibniz Institute for Information Infrastructure	2023
10.5517/ccdc.csd.cc2ghsvm	CSD 2279301: Experimental Crystal Structure Determination	FIZ Karlsruhe - Leibniz Institute for Information Infrastructure	2023
10.25505/fiz.icsd.cc2ghnpb	CSD 2279172: Experimental Crystal Structure Determination	FIZ Karlsruhe - Leibniz Institute for Information Infrastructure	2023
10.25505/fiz.icsd.cc2f5mcm	CSD 2239730: Experimental Crystal Structure Determination	FIZ Karlsruhe - Leibniz Institute for Information Infrastructure	2023
10.25505/fiz.icsd.cc2f1h77	CSD 2235758: Experimental Crystal Structure Determination	FIZ Karlsruhe - Leibniz Institute for Information Infrastructure	2023
10.25505/fiz.icsd.cc2fh9t2	CSD 2249044: Experimental Crystal Structure Determination	FIZ Karlsruhe - Leibniz Institute for Information Infrastructure	2023
10.25505/fiz.icsd.cc2ggl0k	CSD 2278128: Experimental Crystal Structure Determination	FIZ Karlsruhe - Leibniz Institute for Information Infrastructure	2023
10.25505/fiz.icsd.cc2ggd6k	CSD 2277948: Experimental Crystal Structure Determination	FIZ Karlsruhe - Leibniz Institute for Information Infrastructure	2023
10.25505/fiz.icsd.cc2gfvh8	CSD 2277430: Experimental Crystal Structure Determination	FIZ Karlsruhe - Leibniz Institute for Information Infrastructure	2023
10.25505/fiz.icsd.cc2gfzrn	CSD 2277562: Experimental Crystal Structure Determination	FIZ Karlsruhe - Leibniz Institute for Information Infrastructure	2023
10.5517/ccdc.csd.cc2gbcv1	CSD 2274093: Experimental Crystal Structure Determination	FIZ Karlsruhe - Leibniz Institute for Information Infrastructure	2023
10.5517/ccdc.csd.cc2gbct0	CSD 2274092: Experimental Crystal Structure Determination	FIZ Karlsruhe - Leibniz Institute for Information Infrastructure	2023
10.25505/fiz.icsd.cc2g7z5w	CSD 2271778: Experimental Crystal Structure Determination	FIZ Karlsruhe - Leibniz Institute for Information Infrastructure	2023
10.25505/fiz.icsd.cc2g80rj	CSD 2271827: Experimental Crystal Structure Determination	FIZ Karlsruhe - Leibniz Institute for Information Infrastructure	2023
10.25505/fiz.icsd.cc2g80qh	CSD 2271826: Experimental Crystal Structure Determination	FIZ Karlsruhe - Leibniz Institute for Information Infrastructure	2023
10.25505/fiz.icsd.cc2g80pg	CSD 2271825: Experimental Crystal Structure Determination	FIZ Karlsruhe - Leibniz Institute for Information Infrastructure	2023
10.25505/fiz.icsd.cc2g7vh2	CSD 2271664: Experimental Crystal Structure Determination	FIZ Karlsruhe - Leibniz Institute for Information Infrastructure	2023
10.25505/fiz.icsd.cc2g7vg1	CSD 2271663: Experimental Crystal Structure Determination	FIZ Karlsruhe - Leibniz Institute for Information Infrastructure	2023
10.25505/fiz.icsd.cc2g7txg	CSD 2271646: Experimental Crystal Structure Determination	FIZ Karlsruhe - Leibniz Institute for Information Infrastructure	2023
10.25505/fiz.icsd.cc2g7rp5	CSD 2271577: Experimental Crystal Structure Determination	FIZ Karlsruhe - Leibniz Institute for Information Infrastructure	2023
10.25505/fiz.icsd.cc2g7rn4	CSD 2271576: Experimental Crystal Structure Determination	FIZ Karlsruhe - Leibniz Institute for Information Infrastructure	2023
10.25505/fiz.icsd.cc2g0hyy	CSD 2264610: Experimental Crystal Structure Determination	FIZ Karlsruhe - Leibniz Institute for Information Infrastructure	2023
10.25505/fiz.icsd.cc2g4c88	CSD 2268309: Experimental Crystal Structure Determination	FIZ Karlsruhe - Leibniz Institute for Information Infrastructure	2023
10.5517/ccdc.csd.cc2g79lm	CSD 2271140: Experimental Crystal Structure Determination	FIZ Karlsruhe - Leibniz Institute for Information Infrastructure	2023
10.5517/ccdc.csd.cc2g79kl	CSD 2271139: Experimental Crystal Structure Determination	FIZ Karlsruhe - Leibniz Institute for Information Infrastructure	2023
10.5517/ccdc.csd.cc2g79jk	CSD 2271138: Experimental Crystal Structure Determination	FIZ Karlsruhe - Leibniz Institute for Information Infrastructure	2023
10.5517/ccdc.csd.cc2g79hj	CSD 2271137: Experimental Crystal Structure Determination	FIZ Karlsruhe - Leibniz Institute for Information Infrastructure	2023
10.5517/ccdc.csd.cc2g79fg	CSD 2271135: Experimental Crystal Structure Determination	FIZ Karlsruhe - Leibniz Institute for Information Infrastructure	2023
10.5517/ccdc.csd.cc2g79gh	CSD 2271136: Experimental Crystal Structure Determination	FIZ Karlsruhe - Leibniz Institute for Information Infrastructure	2023
10.5517/ccdc.csd.cc2g79df	CSD 2271134: Experimental Crystal Structure Determination	FIZ Karlsruhe - Leibniz Institute for Information Infrastructure	2023
10.5517/ccdc.csd.cc2g79bc	CSD 2271132: Experimental Crystal Structure Determination	FIZ Karlsruhe - Leibniz Institute for Information Infrastructure	2023
10.5517/ccdc.csd.cc2g79cd	CSD 2271133: Experimental Crystal Structure Determination	FIZ Karlsruhe - Leibniz Institute for Information Infrastructure	2023
10.5517/ccdc.csd.cc2g7989	CSD 2271130: Experimental Crystal Structure Determination	FIZ Karlsruhe - Leibniz Institute for Information Infrastructure	2023
10.5517/ccdc.csd.cc2g799b	CSD 2271131: Experimental Crystal Structure Determination	FIZ Karlsruhe - Leibniz Institute for Information Infrastructure	2023
10.5517/ccdc.csd.cc2g7967	CSD 2271128: Experimental Crystal Structure Determination	FIZ Karlsruhe - Leibniz Institute for Information Infrastructure	2023
10.5517/ccdc.csd.cc2g7978	CSD 2271129: Experimental Crystal Structure Determination	FIZ Karlsruhe - Leibniz Institute for Information Infrastructure	2023
10.5517/ccdc.csd.cc2g7945	CSD 2271126: Experimental Crystal Structure Determination	FIZ Karlsruhe - Leibniz Institute for Information Infrastructure	2023
10.5517/ccdc.csd.cc2g7956	CSD 2271127: Experimental Crystal Structure Determination	FIZ Karlsruhe - Leibniz Institute for Information Infrastructure	2023
10.5517/ccdc.csd.cc2g7923	CSD 2271124: Experimental Crystal Structure Determination	FIZ Karlsruhe - Leibniz Institute for Information Infrastructure	2023
10.5517/ccdc.csd.cc2g7934	CSD 2271125: Experimental Crystal Structure Determination	FIZ Karlsruhe - Leibniz Institute for Information Infrastructure	2023
10.25505/fiz.icsd.cc2g6t0j	CSD 2270657: Experimental Crystal Structure Determination	FIZ Karlsruhe - Leibniz Institute for Information Infrastructure	2023
10.5517/ccdc.csd.cc2g6mlx	CSD 2270489: Experimental Crystal Structure Determination	FIZ Karlsruhe - Leibniz Institute for Information Infrastructure	2023
10.25505/fiz.icsd.cc2g6kdn	CSD 2270421: Experimental Crystal Structure Determination	FIZ Karlsruhe - Leibniz Institute for Information Infrastructure	2023
10.25505/fiz.icsd.cc2g6hdl	CSD 2270359: Experimental Crystal Structure Determination	FIZ Karlsruhe - Leibniz Institute for Information Infrastructure	2023
10.25505/fiz.icsd.cc2g6brs	CSD 2270215: Experimental Crystal Structure Determination	FIZ Karlsruhe - Leibniz Institute for Information Infrastructure	2023
10.25505/fiz.icsd.cc2g6bjk	CSD 2270208: Experimental Crystal Structure Determination	FIZ Karlsruhe - Leibniz Institute for Information Infrastructure	2023
10.25505/fiz.icsd.cc2g5ywh	CSD 2269847: Experimental Crystal Structure Determination	FIZ Karlsruhe - Leibniz Institute for Information Infrastructure	2023
10.25505/fiz.icsd.cc2g041p	CSD 2264241: Experimental Crystal Structure Determination	FIZ Karlsruhe - Leibniz Institute for Information Infrastructure	2023
10.25505/fiz.icsd.cc2g03f1	CSD 2264222: Experimental Crystal Structure Determination	FIZ Karlsruhe - Leibniz Institute for Information Infrastructure	2023
10.25505/fiz.icsd.cc2g4wdx	CSD 2268809: Experimental Crystal Structure Determination	FIZ Karlsruhe - Leibniz Institute for Information Infrastructure	2023
10.25505/fiz.icsd.cc2fn71d	CSD 2253763: Experimental Crystal Structure Determination	FIZ Karlsruhe - Leibniz Institute for Information Infrastructure	2023
10.25505/fiz.icsd.cc2fn73g	CSD 2253765: Experimental Crystal Structure Determination	FIZ Karlsruhe - Leibniz Institute for Information Infrastructure	2023
10.25505/fiz.icsd.cc2fn76k	CSD 2253768: Experimental Crystal Structure Determination	FIZ Karlsruhe - Leibniz Institute for Information Infrastructure	2023
10.25505/fiz.icsd.cc2fn6y8	CSD 2253760: Experimental Crystal Structure Determination	FIZ Karlsruhe - Leibniz Institute for Information Infrastructure	2023
10.25505/fiz.icsd.cc2fwk1y	CSD 2260800: Experimental Crystal Structure Determination	FIZ Karlsruhe - Leibniz Institute for Information Infrastructure	2023
10.25505/fiz.icsd.cc2g4j38	CSD 2268459: Experimental Crystal Structure Determination	FIZ Karlsruhe - Leibniz Institute for Information Infrastructure	2023
10.25505/fiz.icsd.cc2g4j49	CSD 2268460: Experimental Crystal Structure Determination	FIZ Karlsruhe - Leibniz Institute for Information Infrastructure	2023
10.25505/fiz.icsd.cc2fn74h	CSD 2253766: Experimental Crystal Structure Determination	FIZ Karlsruhe - Leibniz Institute for Information Infrastructure	2023
10.25505/fiz.icsd.cc2fn77l	CSD 2253769: Experimental Crystal Structure Determination	FIZ Karlsruhe - Leibniz Institute for Information Infrastructure	2023
10.25505/fiz.icsd.cc2fn6r2	CSD 2253754: Experimental Crystal Structure Determination	FIZ Karlsruhe - Leibniz Institute for Information Infrastructure	2023
10.25505/fiz.icsd.cc2fn6s3	CSD 2253755: Experimental Crystal Structure Determination	FIZ Karlsruhe - Leibniz Institute for Information Infrastructure	2023
10.25505/fiz.icsd.cc2fn6x7	CSD 2253759: Experimental Crystal Structure Determination	FIZ Karlsruhe - Leibniz Institute for Information Infrastructure	2023
10.25505/fiz.icsd.cc2fn70c	CSD 2253762: Experimental Crystal Structure Determination	FIZ Karlsruhe - Leibniz Institute for Information Infrastructure	2023
10.25505/fiz.icsd.cc2fn6v5	CSD 2253757: Experimental Crystal Structure Determination	FIZ Karlsruhe - Leibniz Institute for Information Infrastructure	2023
10.25505/fiz.icsd.cc2fn6w6	CSD 2253758: Experimental Crystal Structure Determination	FIZ Karlsruhe - Leibniz Institute for Information Infrastructure	2023
10.25505/fiz.icsd.cc2g473z	CSD 2268180: Experimental Crystal Structure Determination	FIZ Karlsruhe - Leibniz Institute for Information Infrastructure	2023
10.25505/fiz.icsd.cc2g472y	CSD 2268179: Experimental Crystal Structure Determination	FIZ Karlsruhe - Leibniz Institute for Information Infrastructure	2023
10.25505/fiz.icsd.cc2g3j26	CSD 2267497: Experimental Crystal Structure Determination	FIZ Karlsruhe - Leibniz Institute for Information Infrastructure	2023
10.25505/fiz.icsd.cc2g02wg	CSD 2264205: Experimental Crystal Structure Determination	FIZ Karlsruhe - Leibniz Institute for Information Infrastructure	2023
10.25505/fiz.icsd.cc2g30zl	CSD 2267029: Experimental Crystal Structure Determination	FIZ Karlsruhe - Leibniz Institute for Information Infrastructure	2023
10.25505/fiz.icsd.cc28xgvj	CSD 2112738: Experimental Crystal Structure Determination	FIZ Karlsruhe - Leibniz Institute for Information Infrastructure	2023
10.25505/fiz.icsd.cc2g2s4h	CSD 2266786: Experimental Crystal Structure Determination	FIZ Karlsruhe - Leibniz Institute for Information Infrastructure	2023
10.25505/fiz.icsd.cc2g2rgs	CSD 2266765: Experimental Crystal Structure Determination	FIZ Karlsruhe - Leibniz Institute for Information Infrastructure	2023
10.25505/fiz.icsd.cc2g2qbm	CSD 2266730: Experimental Crystal Structure Determination	FIZ Karlsruhe - Leibniz Institute for Information Infrastructure	2023
10.25505/fiz.icsd.cc2g29f9	CSD 2266330: Experimental Crystal Structure Determination	FIZ Karlsruhe - Leibniz Institute for Information Infrastructure	2023
10.25505/fiz.icsd.cc2g1n17	CSD 2265698: Experimental Crystal Structure Determination	FIZ Karlsruhe - Leibniz Institute for Information Infrastructure	2023
10.25505/fiz.icsd.cc2g11k4	CSD 2265125: Experimental Crystal Structure Determination	FIZ Karlsruhe - Leibniz Institute for Information Infrastructure	2023
10.25505/fiz.icsd.cc2g0l03	CSD 2264674: Experimental Crystal Structure Determination	FIZ Karlsruhe - Leibniz Institute for Information Infrastructure	2023
10.25505/fiz.icsd.cc2g0kz1	CSD 2264673: Experimental Crystal Structure Determination	FIZ Karlsruhe - Leibniz Institute for Information Infrastructure	2023
10.25505/fiz.icsd.cc2g044s	CSD 2264244: Experimental Crystal Structure Determination	FIZ Karlsruhe - Leibniz Institute for Information Infrastructure	2023
10.25505/fiz.icsd.cc2fyh1y	CSD 2262660: Experimental Crystal Structure Determination	FIZ Karlsruhe - Leibniz Institute for Information Infrastructure	2023
10.25505/fiz.icsd.cc2fyh2z	CSD 2262661: Experimental Crystal Structure Determination	FIZ Karlsruhe - Leibniz Institute for Information Infrastructure	2023
10.25505/fiz.icsd.cc2fygzv	CSD 2262658: Experimental Crystal Structure Determination	FIZ Karlsruhe - Leibniz Institute for Information Infrastructure	2023
10.25505/fiz.icsd.cc2fyh0x	CSD 2262659: Experimental Crystal Structure Determination	FIZ Karlsruhe - Leibniz Institute for Information Infrastructure	2023
10.25505/fiz.icsd.cc2fygyt	CSD 2262657: Experimental Crystal Structure Determination	FIZ Karlsruhe - Leibniz Institute for Information Infrastructure	2023
10.25505/fiz.icsd.cc2g04j5	CSD 2264256: Experimental Crystal Structure Determination	FIZ Karlsruhe - Leibniz Institute for Information Infrastructure	2023
10.25505/fiz.icsd.cc2g02zk	CSD 2264208: Experimental Crystal Structure Determination	FIZ Karlsruhe - Leibniz Institute for Information Infrastructure	2023
10.25505/fiz.icsd.cc2fzyt6	CSD 2264079: Experimental Crystal Structure Determination	FIZ Karlsruhe - Leibniz Institute for Information Infrastructure	2023
10.25505/fiz.icsd.cc2fzqbh	CSD 2263847: Experimental Crystal Structure Determination	FIZ Karlsruhe - Leibniz Institute for Information Infrastructure	2023
10.25505/fiz.icsd.cc2fzg85	CSD 2263597: Experimental Crystal Structure Determination	FIZ Karlsruhe - Leibniz Institute for Information Infrastructure	2023
10.25505/fiz.icsd.cc2fzfyt	CSD 2263587: Experimental Crystal Structure Determination	FIZ Karlsruhe - Leibniz Institute for Information Infrastructure	2023
10.25505/fiz.icsd.cc2fzfxs	CSD 2263586: Experimental Crystal Structure Determination	FIZ Karlsruhe - Leibniz Institute for Information Infrastructure	2023
10.25505/fiz.icsd.cc2fzftp	CSD 2263583: Experimental Crystal Structure Determination	FIZ Karlsruhe - Leibniz Institute for Information Infrastructure	2023
10.25505/fiz.icsd.cc2fzbwn	CSD 2263492: Experimental Crystal Structure Determination	FIZ Karlsruhe - Leibniz Institute for Information Infrastructure	2023
10.25505/fiz.icsd.cc2fz81r	CSD 2263404: Experimental Crystal Structure Determination	FIZ Karlsruhe - Leibniz Institute for Information Infrastructure	2023
10.25505/fiz.icsd.cc2fz7k7	CSD 2263389: Experimental Crystal Structure Determination	FIZ Karlsruhe - Leibniz Institute for Information Infrastructure	2023
10.25505/fiz.icsd.cc2fz7l8	CSD 2263390: Experimental Crystal Structure Determination	FIZ Karlsruhe - Leibniz Institute for Information Infrastructure	2023
10.25505/fiz.icsd.cc2dlvd8	CSD 2222650: Experimental Crystal Structure Determination	FIZ Karlsruhe - Leibniz Institute for Information Infrastructure	2023
10.25505/fiz.icsd.cc2dlvhc	CSD 2222653: Experimental Crystal Structure Determination	FIZ Karlsruhe - Leibniz Institute for Information Infrastructure	2023
10.25505/fiz.icsd.cc2dlrlc	CSD 2222563: Experimental Crystal Structure Determination	FIZ Karlsruhe - Leibniz Institute for Information Infrastructure	2023
10.25505/fiz.icsd.cc2fy3xf	CSD 2262315: Experimental Crystal Structure Determination	FIZ Karlsruhe - Leibniz Institute for Information Infrastructure	2023
10.25505/fiz.icsd.cc2fxw9k	CSD 2262079: Experimental Crystal Structure Determination	FIZ Karlsruhe - Leibniz Institute for Information Infrastructure	2023
10.25505/fiz.icsd.cc2fxwbl	CSD 2262080: Experimental Crystal Structure Determination	FIZ Karlsruhe - Leibniz Institute for Information Infrastructure	2023
10.25505/fiz.icsd.cc2fxw8j	CSD 2262078: Experimental Crystal Structure Determination	FIZ Karlsruhe - Leibniz Institute for Information Infrastructure	2023
10.25505/fiz.icsd.cc2fxw7h	CSD 2262077: Experimental Crystal Structure Determination	FIZ Karlsruhe - Leibniz Institute for Information Infrastructure	2023
10.25505/fiz.icsd.cc2fxr04	CSD 2261946: Experimental Crystal Structure Determination	FIZ Karlsruhe - Leibniz Institute for Information Infrastructure	2023
10.25505/fiz.icsd.cc2f74f8	CSD 2241189: Experimental Crystal Structure Determination	FIZ Karlsruhe - Leibniz Institute for Information Infrastructure	2023
10.25505/fiz.icsd.cc2fx6cy	CSD 2261430: Experimental Crystal Structure Determination	FIZ Karlsruhe - Leibniz Institute for Information Infrastructure	2023
10.25505/fiz.icsd.cc2fx67t	CSD 2261426: Experimental Crystal Structure Determination	FIZ Karlsruhe - Leibniz Institute for Information Infrastructure	2023
10.25505/fiz.icsd.cc2fx69w	CSD 2261428: Experimental Crystal Structure Determination	FIZ Karlsruhe - Leibniz Institute for Information Infrastructure	2023
10.25505/fiz.icsd.cc2fxkfc	CSD 2261773: Experimental Crystal Structure Determination	FIZ Karlsruhe - Leibniz Institute for Information Infrastructure	2023
10.25505/fiz.icsd.cc2fw8qb	CSD 2260542: Experimental Crystal Structure Determination	FIZ Karlsruhe - Leibniz Institute for Information Infrastructure	2023
10.25505/fiz.icsd.cc2fw8p9	CSD 2260541: Experimental Crystal Structure Determination	FIZ Karlsruhe - Leibniz Institute for Information Infrastructure	2023
10.25505/fiz.icsd.cc2fw7cy	CSD 2260500: Experimental Crystal Structure Determination	FIZ Karlsruhe - Leibniz Institute for Information Infrastructure	2023
10.25505/fiz.icsd.cc2fvz1b	CSD 2260242: Experimental Crystal Structure Determination	FIZ Karlsruhe - Leibniz Institute for Information Infrastructure	2023
10.25505/fiz.icsd.cc2fvz09	CSD 2260241: Experimental Crystal Structure Determination	FIZ Karlsruhe - Leibniz Institute for Information Infrastructure	2023
10.25505/fiz.icsd.cc2d5gnq	CSD 2209793: Experimental Crystal Structure Determination	FIZ Karlsruhe - Leibniz Institute for Information Infrastructure	2023
10.25505/fiz.icsd.cc2fvkc7	CSD 2259849: Experimental Crystal Structure Determination	FIZ Karlsruhe - Leibniz Institute for Information Infrastructure	2023
10.25505/fiz.icsd.cc2fvf3v	CSD 2259717: Experimental Crystal Structure Determination	FIZ Karlsruhe - Leibniz Institute for Information Infrastructure	2023
10.25505/fiz.icsd.cc2fsypw	CSD 2258309: Experimental Crystal Structure Determination	FIZ Karlsruhe - Leibniz Institute for Information Infrastructure	2023
10.25505/fiz.icsd.cc2fsyqx	CSD 2258310: Experimental Crystal Structure Determination	FIZ Karlsruhe - Leibniz Institute for Information Infrastructure	2023
10.25505/fiz.icsd.cc2fsjkb	CSD 2257902: Experimental Crystal Structure Determination	FIZ Karlsruhe - Leibniz Institute for Information Infrastructure	2023
10.25505/fiz.icsd.cc2fsjj9	CSD 2257901: Experimental Crystal Structure Determination	FIZ Karlsruhe - Leibniz Institute for Information Infrastructure	2023
10.25505/fiz.icsd.cc2fsjh8	CSD 2257900: Experimental Crystal Structure Determination	FIZ Karlsruhe - Leibniz Institute for Information Infrastructure	2023
10.25505/fiz.icsd.cc2fsjg7	CSD 2257899: Experimental Crystal Structure Determination	FIZ Karlsruhe - Leibniz Institute for Information Infrastructure	2023
10.25505/fiz.icsd.cc2fsd7w	CSD 2257768: Experimental Crystal Structure Determination	FIZ Karlsruhe - Leibniz Institute for Information Infrastructure	2023
10.25505/fiz.icsd.cc2fsd6v	CSD 2257767: Experimental Crystal Structure Determination	FIZ Karlsruhe - Leibniz Institute for Information Infrastructure	2023
10.5517/ccdc.csd.cc2frxvz	CSD 2257322: Experimental Crystal Structure Determination	FIZ Karlsruhe - Leibniz Institute for Information Infrastructure	2023
10.25505/fiz.icsd.cc2frgpc	CSD 2256883: Experimental Crystal Structure Determination	FIZ Karlsruhe - Leibniz Institute for Information Infrastructure	2023
10.25505/fiz.icsd.cc2frdby	CSD 2256810: Experimental Crystal Structure Determination	FIZ Karlsruhe - Leibniz Institute for Information Infrastructure	2023
10.25505/fiz.icsd.cc2fqzms	CSD 2256416: Experimental Crystal Structure Determination	FIZ Karlsruhe - Leibniz Institute for Information Infrastructure	2023
10.25505/fiz.icsd.cc2fqzlr	CSD 2256415: Experimental Crystal Structure Determination	FIZ Karlsruhe - Leibniz Institute for Information Infrastructure	2023
10.25505/fiz.icsd.cc2fqzkq	CSD 2256414: Experimental Crystal Structure Determination	FIZ Karlsruhe - Leibniz Institute for Information Infrastructure	2023
10.25505/fiz.icsd.cc2fqzjp	CSD 2256413: Experimental Crystal Structure Determination	FIZ Karlsruhe - Leibniz Institute for Information Infrastructure	2023
10.25505/fiz.icsd.cc2fqzhn	CSD 2256412: Experimental Crystal Structure Determination	FIZ Karlsruhe - Leibniz Institute for Information Infrastructure	2023
10.25505/fiz.icsd.cc2fqzgm	CSD 2256411: Experimental Crystal Structure Determination	FIZ Karlsruhe - Leibniz Institute for Information Infrastructure	2023
10.25505/fiz.icsd.cc2f7fz3	CSD 2241485: Experimental Crystal Structure Determination	FIZ Karlsruhe - Leibniz Institute for Information Infrastructure	2023
10.25505/fiz.icsd.cc2f7fx1	CSD 2241483: Experimental Crystal Structure Determination	FIZ Karlsruhe - Leibniz Institute for Information Infrastructure	2023
10.25505/fiz.icsd.cc2f7fy2	CSD 2241484: Experimental Crystal Structure Determination	FIZ Karlsruhe - Leibniz Institute for Information Infrastructure	2023
10.25505/fiz.icsd.cc2fqzfl	CSD 2256410: Experimental Crystal Structure Determination	FIZ Karlsruhe - Leibniz Institute for Information Infrastructure	2023
10.25505/fiz.icsd.cc2f7fw0	CSD 2241482: Experimental Crystal Structure Determination	FIZ Karlsruhe - Leibniz Institute for Information Infrastructure	2023
10.25505/fiz.icsd.cc28jfhr	CSD 2101164: Experimental Crystal Structure Determination	FIZ Karlsruhe - Leibniz Institute for Information Infrastructure	2023
10.25505/fiz.icsd.cc28y109	CSD 2113270: Experimental Crystal Structure Determination	FIZ Karlsruhe - Leibniz Institute for Information Infrastructure	2023
10.25505/fiz.icsd.cc2fql92	CSD 2256034: Experimental Crystal Structure Determination	FIZ Karlsruhe - Leibniz Institute for Information Infrastructure	2023
10.25505/fiz.icsd.cc2fql81	CSD 2256033: Experimental Crystal Structure Determination	FIZ Karlsruhe - Leibniz Institute for Information Infrastructure	2023
10.25505/fiz.icsd.cc2fq16f	CSD 2255504: Experimental Crystal Structure Determination	FIZ Karlsruhe - Leibniz Institute for Information Infrastructure	2023
10.25505/fiz.icsd.cc2fq17g	CSD 2255505: Experimental Crystal Structure Determination	FIZ Karlsruhe - Leibniz Institute for Information Infrastructure	2023
10.25505/fiz.icsd.cc2fq15d	CSD 2255503: Experimental Crystal Structure Determination	FIZ Karlsruhe - Leibniz Institute for Information Infrastructure	2023
10.25505/fiz.icsd.cc2fq14c	CSD 2255502: Experimental Crystal Structure Determination	FIZ Karlsruhe - Leibniz Institute for Information Infrastructure	2023
10.25505/fiz.icsd.cc2fq13b	CSD 2255501: Experimental Crystal Structure Determination	FIZ Karlsruhe - Leibniz Institute for Information Infrastructure	2023
10.25505/fiz.icsd.cc2fq118	CSD 2255499: Experimental Crystal Structure Determination	FIZ Karlsruhe - Leibniz Institute for Information Infrastructure	2023
10.25505/fiz.icsd.cc2fq129	CSD 2255500: Experimental Crystal Structure Determination	FIZ Karlsruhe - Leibniz Institute for Information Infrastructure	2023
10.25505/fiz.icsd.cc2fq107	CSD 2255498: Experimental Crystal Structure Determination	FIZ Karlsruhe - Leibniz Institute for Information Infrastructure	2023
10.5517/ccdc.csd.cc2fprws	CSD 2255246: Experimental Crystal Structure Determination	FIZ Karlsruhe - Leibniz Institute for Information Infrastructure	2023
10.5517/ccdc.csd.cc2fprvr	CSD 2255245: Experimental Crystal Structure Determination	FIZ Karlsruhe - Leibniz Institute for Information Infrastructure	2023
10.5517/ccdc.csd.cc2fprtq	CSD 2255244: Experimental Crystal Structure Determination	FIZ Karlsruhe - Leibniz Institute for Information Infrastructure	2023
10.25505/fiz.icsd.cc2fpm70	CSD 2255102: Experimental Crystal Structure Determination	FIZ Karlsruhe - Leibniz Institute for Information Infrastructure	2023
10.25505/fiz.icsd.cc2fpk2s	CSD 2255035: Experimental Crystal Structure Determination	FIZ Karlsruhe - Leibniz Institute for Information Infrastructure	2023
10.25505/fiz.icsd.cc2fpz7c	CSD 2255443: Experimental Crystal Structure Determination	FIZ Karlsruhe - Leibniz Institute for Information Infrastructure	2023
10.25505/fiz.icsd.cc2fpz59	CSD 2255441: Experimental Crystal Structure Determination	FIZ Karlsruhe - Leibniz Institute for Information Infrastructure	2023
10.25505/fiz.icsd.cc2fpz6b	CSD 2255442: Experimental Crystal Structure Determination	FIZ Karlsruhe - Leibniz Institute for Information Infrastructure	2023
10.25505/fiz.icsd.cc2fpz48	CSD 2255440: Experimental Crystal Structure Determination	FIZ Karlsruhe - Leibniz Institute for Information Infrastructure	2023
10.25505/fiz.icsd.cc2fpd9v	CSD 2254887: Experimental Crystal Structure Determination	FIZ Karlsruhe - Leibniz Institute for Information Infrastructure	2023
10.25505/fiz.icsd.cc2fp1kr	CSD 2254554: Experimental Crystal Structure Determination	FIZ Karlsruhe - Leibniz Institute for Information Infrastructure	2023
10.25505/fiz.icsd.cc2fp1ls	CSD 2254555: Experimental Crystal Structure Determination	FIZ Karlsruhe - Leibniz Institute for Information Infrastructure	2023
10.25505/fiz.icsd.cc2fp1jq	CSD 2254553: Experimental Crystal Structure Determination	FIZ Karlsruhe - Leibniz Institute for Information Infrastructure	2023
10.25505/fiz.icsd.cc2fp1gn	CSD 2254551: Experimental Crystal Structure Determination	FIZ Karlsruhe - Leibniz Institute for Information Infrastructure	2023
10.25505/fiz.icsd.cc2fp1hp	CSD 2254552: Experimental Crystal Structure Determination	FIZ Karlsruhe - Leibniz Institute for Information Infrastructure	2023
10.25505/fiz.icsd.cc2fp1fm	CSD 2254550: Experimental Crystal Structure Determination	FIZ Karlsruhe - Leibniz Institute for Information Infrastructure	2023
10.25505/fiz.icsd.cc2fp1dl	CSD 2254549: Experimental Crystal Structure Determination	FIZ Karlsruhe - Leibniz Institute for Information Infrastructure	2023
10.25505/fiz.icsd.cc2fp1ck	CSD 2254548: Experimental Crystal Structure Determination	FIZ Karlsruhe - Leibniz Institute for Information Infrastructure	2023
10.25505/fiz.icsd.cc2fp1bj	CSD 2254547: Experimental Crystal Structure Determination	FIZ Karlsruhe - Leibniz Institute for Information Infrastructure	2023
10.25505/fiz.icsd.cc2fp19h	CSD 2254546: Experimental Crystal Structure Determination	FIZ Karlsruhe - Leibniz Institute for Information Infrastructure	2023
10.25505/fiz.icsd.cc2fnt31	CSD 2254323: Experimental Crystal Structure Determination	FIZ Karlsruhe - Leibniz Institute for Information Infrastructure	2023
10.25505/fiz.icsd.cc2fnt20	CSD 2254322: Experimental Crystal Structure Determination	FIZ Karlsruhe - Leibniz Institute for Information Infrastructure	2023
10.25505/fiz.icsd.cc2fnt1z	CSD 2254321: Experimental Crystal Structure Determination	FIZ Karlsruhe - Leibniz Institute for Information Infrastructure	2023
10.25505/fiz.icsd.cc2fnx23	CSD 2254415: Experimental Crystal Structure Determination	FIZ Karlsruhe - Leibniz Institute for Information Infrastructure	2023
10.25505/fiz.icsd.cc2fnt0y	CSD 2254320: Experimental Crystal Structure Determination	FIZ Karlsruhe - Leibniz Institute for Information Infrastructure	2023
10.25505/fiz.icsd.cc2fnsfb	CSD 2254302: Experimental Crystal Structure Determination	FIZ Karlsruhe - Leibniz Institute for Information Infrastructure	2023
10.25505/fiz.icsd.cc2fns52	CSD 2254294: Experimental Crystal Structure Determination	FIZ Karlsruhe - Leibniz Institute for Information Infrastructure	2023
10.25505/fiz.icsd.cc2fns2z	CSD 2254291: Experimental Crystal Structure Determination	FIZ Karlsruhe - Leibniz Institute for Information Infrastructure	2023
10.25505/fiz.icsd.cc2fnnf6	CSD 2254178: Experimental Crystal Structure Determination	FIZ Karlsruhe - Leibniz Institute for Information Infrastructure	2023
10.25505/fiz.icsd.cc2fnhf1	CSD 2254023: Experimental Crystal Structure Determination	FIZ Karlsruhe - Leibniz Institute for Information Infrastructure	2023
10.5517/ccdc.csd.cc2fnhd0	CSD 2254022: Experimental Crystal Structure Determination	FIZ Karlsruhe - Leibniz Institute for Information Infrastructure	2023
10.25505/fiz.icsd.cc2fnhcz	CSD 2254021: Experimental Crystal Structure Determination	FIZ Karlsruhe - Leibniz Institute for Information Infrastructure	2023
10.25505/fiz.icsd.cc2fjxpl	CSD 2250590: Experimental Crystal Structure Determination	FIZ Karlsruhe - Leibniz Institute for Information Infrastructure	2023
10.5517/ccdc.csd.cc2fnh9x	CSD 2254019: Experimental Crystal Structure Determination	FIZ Karlsruhe - Leibniz Institute for Information Infrastructure	2023
10.25505/fiz.icsd.cc2fmqwp	CSD 2253293: Experimental Crystal Structure Determination	FIZ Karlsruhe - Leibniz Institute for Information Infrastructure	2023
